City,State,Query,Coordinates,Latitude,Longitude
Adana,Karaisalı,Adana Karaisalı,"37.2544794,35.0586443",37.2544794,35.0586443
Adana,Aladağ,Adana Aladağ,"37.5492307,35.3916497",37.5492307,35.3916497
Adana,Karataş,Adana Karataş,"36.6687743,35.0853192",36.6687743,35.0853192
Adana,Yüreğir,Adana Yüreğir,"36.9975235,35.2054963",36.9975235,35.2054963
Adana,Yumurtalık,Adana Yumurtalık,"36.7675376,35.7301842",36.7675376,35.7301842
Adana,Tufanbeyli,Adana Tufanbeyli,"38.2610192,36.2177952",38.2610192,36.2177952
Adana,Seyhan,Adana Seyhan,"36.9975235,35.2054963",36.9975235,35.2054963
Adana,Sarıçam,Adana Sarıçam,"37.1196758,35.3946598",37.1196758,35.3946598
Adana,Pozantı,Adana Pozantı,"37.4276289,34.8656354",37.4276289,34.8656354
Adana,Kozan,Adana Kozan,"37.4533428,35.7859651",37.4533428,35.7859651
Adana,İmamoğlu,Adana İmamoğlu,"37.8154717,35.9078878",37.8154717,35.9078878
Adana,Feke,Adana Feke,"37.8154717,35.9078878",37.8154717,35.9078878
Adana,Çukurova,Adana Çukurova,"36.9975235,35.2054963",36.9975235,35.2054963
Adana,Ceyhan,Adana Ceyhan,"37.0310162,35.8102248",37.0310162,35.8102248
Adana,Saimbeyli,Adana Saimbeyli,"37.9861766,36.0872112",37.9861766,36.0872112
Adıyaman,Sincik,Adıyaman Sincik,"38.0323731,38.6289568",38.0323731,38.6289568
Adıyaman,Tut,Adıyaman Tut,"37.8208931,37.8928276",37.8208931,37.8928276
Adıyaman,Samsat,Adıyaman Samsat,"37.5785197,38.4788922",37.5785197,38.4788922
Adıyaman,Gerger,Adıyaman Gerger,"38.0272302,39.0291908",38.0272302,39.0291908
Adıyaman,Kahta,Adıyaman Kahta,"37.7831065,38.6142198",37.7831065,38.6142198
Adıyaman,Gölbaşı,Adıyaman Gölbaşı,"37.7500529,37.5797074",37.7500529,37.5797074
Adıyaman,Çelikhan,Adıyaman Çelikhan,"38.0321928,38.2304339",38.0321928,38.2304339
Adıyaman,Besni,Adıyaman Besni,"37.600211,37.7060462",37.600211,37.7060462
Adıyaman,Merkez,Adıyaman Merkez,"37.7047684,38.0738102",37.7047684,38.0738102
Afyonkarahisar,Kızılören,Afyonkarahisar Kızılören,"38.2577107,30.1471638",38.2577107,30.1471638
Afyonkarahisar,Sultandağı,Afyonkarahisar Sultandağı,"38.5292327,31.224588",38.5292327,31.224588
Afyonkarahisar,Şuhut,Afyonkarahisar Şuhut,"38.5331088,30.5457029",38.5331088,30.5457029
Afyonkarahisar,Sinanpaşa,Afyonkarahisar Sinanpaşa,"38.7442191,30.2389957",38.7442191,30.2389957
Afyonkarahisar,Sandıklı,Afyonkarahisar Sandıklı,"38.4562083,30.2581313",38.4562083,30.2581313
Afyonkarahisar,Merkez,Afyonkarahisar Merkez,"38.7742105,30.3576188",38.7742105,30.3576188
Afyonkarahisar,İhsaniye,Afyonkarahisar İhsaniye,"39.0290746,30.4137797",39.0290746,30.4137797
Afyonkarahisar,İscehisar,Afyonkarahisar İscehisar,"38.8623208,30.7427313",38.8623208,30.7427313
Afyonkarahisar,Evciler,Afyonkarahisar Evciler,"38.0389123,29.8862364",38.0389123,29.8862364
Afyonkarahisar,Başmakçı,Afyonkarahisar Başmakçı,"37.8881529,29.9961533",37.8881529,29.9961533
Afyonkarahisar,Emirdağ,Afyonkarahisar Emirdağ,"39.0130658,31.1805737",39.0130658,31.1805737
Afyonkarahisar,Dinar,Afyonkarahisar Dinar,"38.0692389,30.1505599",38.0692389,30.1505599
Afyonkarahisar,Dazkırı,Afyonkarahisar Dazkırı,"37.9197429,29.8573099",37.9197429,29.8573099
Afyonkarahisar,Çobanlar,Afyonkarahisar Çobanlar,"38.7007602,30.7686064",38.7007602,30.7686064
Afyonkarahisar,Çay,Afyonkarahisar Çay,"38.5922909,31.0147338",38.5922909,31.0147338
Afyonkarahisar,Bolvadin,Afyonkarahisar Bolvadin,"38.7152742,31.0441844",38.7152742,31.0441844
Afyonkarahisar,Hocalar,Afyonkarahisar Hocalar,"38.5779408,29.961688",38.5779408,29.961688
Afyonkarahisar,Bayat,Afyonkarahisar Bayat,"38.9812193,30.917497",38.9812193,30.917497
Aksaray,Sultanhanı,Aksaray Sultanhanı,"38.2421688,33.5541314",38.2421688,33.5541314
Aksaray,Sarıyahşi,Aksaray Sarıyahşi,"38.9785322,33.8401675",38.9785322,33.8401675
Aksaray,Ortaköy,Aksaray Ortaköy,"38.7383018,34.0377359",38.7383018,34.0377359
Aksaray,Eskil,Aksaray Eskil,"38.3980293,33.4072054",38.3980293,33.4072054
Aksaray,Güzelyurt,Aksaray Güzelyurt,"38.2741648,34.3653839",38.2741648,34.3653839
Aksaray,Gülağaç,Aksaray Gülağaç,"38.3947852,34.3338709",38.3947852,34.3338709
Aksaray,Ağaçören,Aksaray Ağaçören,"38.7934683,33.7561263",38.7934683,33.7561263
Aksaray,Merkez,Aksaray Merkez,"38.3874828,33.8104452",38.3874828,33.8104452
Amasya,Taşova,Amasya Taşova,"40.7600138,36.3177214",40.7600138,36.3177214
Amasya,Suluova,Amasya Suluova,"40.8416331,35.6304441",40.8416331,35.6304441
Amasya,Gümüşhacıköy,Amasya Gümüşhacıköy,"40.8762695,35.2099529",40.8762695,35.2099529
Amasya,Merkez,Amasya Merkez,"40.6403874,35.7139339",40.6403874,35.7139339
Amasya,Hamamözü,Amasya Hamamözü,"40.7845739,35.0211212",40.7845739,35.0211212
Amasya,Göynücek,Amasya Göynücek,"40.3930436,35.5196609",40.3930436,35.5196609
Amasya,Merzifon,Amasya Merzifon,"40.8357825,35.3482559",40.8357825,35.3482559
Ankara,Kalecik,Ankara Kalecik,"40.1007895,33.4078453",40.1007895,33.4078453
Ankara,Yenimahalle,Ankara Yenimahalle,"40.0080544,32.6638756",40.0080544,32.6638756
Ankara,Sincan,Ankara Sincan,"39.8886538,32.2547878",39.8886538,32.2547878
Ankara,Şereflikoçhisar,Ankara Şereflikoçhisar,"38.9375388,33.5358868",38.9375388,33.5358868
Ankara,Pursaklar,Ankara Pursaklar,"40.0369365,32.8917449",40.0369365,32.8917449
Ankara,Polatlı,Ankara Polatlı,"39.4225595,31.9349443",39.4225595,31.9349443
Ankara,Nallıhan,Ankara Nallıhan,"40.1829134,31.3350763",40.1829134,31.3350763
Ankara,Mamak,Ankara Mamak,"39.9051794,32.9391603",39.9051794,32.9391603
Ankara,Kızılcahamam,Ankara Kızılcahamam,"40.4724404,32.6389593",40.4724404,32.6389593
Ankara,Keçiören,Ankara Keçiören,"40.0866271,32.7377414",40.0866271,32.7377414
Ankara,Kahramankazan,Ankara Kahramankazan,"40.2039251,32.6739538",40.2039251,32.6739538
Ankara,Çankaya,Ankara Çankaya,"39.7976012,32.8001509",39.7976012,32.8001509
Ankara,Güdül,Ankara Güdül,"40.2122101,32.24353",40.2122101,32.24353
Ankara,Haymana,Ankara Haymana,"39.4352192,32.4986693",39.4352192,32.4986693
Ankara,Altındağ,Ankara Altındağ,"39.9927835,32.9327406",39.9927835,32.9327406
Ankara,Bala,Ankara Bala,"40.0255303,31.5871133",40.0255303,31.5871133
Ankara,Beypazarı,Ankara Beypazarı,"40.1623893,31.9156734",40.1623893,31.9156734
Ankara,Çamlıdere,Ankara Çamlıdere,"40.4907721,32.4706272",40.4907721,32.4706272
Ankara,Ayaş,Ankara Ayaş,"40.0262077,32.0833008",40.0262077,32.0833008
Ankara,Çubuk,Ankara Çubuk,"40.2244078,32.7050958",40.2244078,32.7050958
Ankara,Elmadağ,Ankara Elmadağ,"39.9210386,33.2327539",39.9210386,33.2327539
Ankara,Etimesgut,Ankara Etimesgut,"39.8645985,32.5574409",39.8645985,32.5574409
Ankara,Evren,Ankara Evren,"39.0231897,33.8014819",39.0231897,33.8014819
Ankara,Gölbaşı,Ankara Gölbaşı,"39.785381,32.7945533",39.785381,32.7945533
Ankara,Akyurt,Ankara Akyurt,"40.1297234,33.0723864",40.1297234,33.0723864
Antalya,Kemer,Antalya Kemer,"36.6024097,30.5343788",36.6024097,30.5343788
Antalya,Serik,Antalya Serik,"36.9218108,31.0928428",36.9218108,31.0928428
Antalya,Muratpaşa,Antalya Muratpaşa,"36.7862313,31.1183171",36.7862313,31.1183171
Antalya,Kumluca,Antalya Kumluca,"36.3480408,30.2659839",36.3480408,30.2659839
Antalya,Korkuteli,Antalya Korkuteli,"37.0725582,30.1931483",37.0725582,30.1931483
Antalya,Konyaaltı,Antalya Konyaaltı,"36.897999,30.6768201",36.897999,30.6768201
Antalya,Kepez,Antalya Kepez,"36.897999,30.6768201",36.897999,30.6768201
Antalya,Kaş,Antalya Kaş,"36.2008645,29.644585",36.2008645,29.644585
Antalya,Manavgat,Antalya Manavgat,"36.7861212,31.4383398",36.7861212,31.4383398
Antalya,Gündoğmuş,Antalya Gündoğmuş,"36.8107008,31.9966908",36.8107008,31.9966908
Antalya,Gazipaşa,Antalya Gazipaşa,"36.2776709,32.3007313",36.2776709,32.3007313
Antalya,Finike,Antalya Finike,"36.3037523,30.1464383",36.3037523,30.1464383
Antalya,Elmalı,Antalya Elmalı,"36.7328738,29.9132443",36.7328738,29.9132443
Antalya,Döşemealtı,Antalya Döşemealtı,"37.0111744,30.5854541",37.0111744,30.5854541
Antalya,Demre,Antalya Demre,"36.2461099,29.9778568",36.2461099,29.9778568
Antalya,Alanya,Antalya Alanya,"36.5438357,31.9920096",36.5438357,31.9920096
Antalya,Aksu,Antalya Aksu,"36.9387356,30.8227299",36.9387356,30.8227299
Antalya,İbradı,Antalya İbradı,"37.0954538,31.5957748",37.0954538,31.5957748
Antalya,Akseki,Antalya Akseki,"37.044615,31.787927",37.044615,31.787927
Ardahan,Posof,Ardahan Posof,"41.507408,42.7256978",41.507408,42.7256978
Ardahan,Merkez,Ardahan Merkez,"41.069346,42.5397843",41.069346,42.5397843
Ardahan,Damal,Ardahan Damal,"41.3409389,42.839402",41.3409389,42.839402
Ardahan,Göle,Ardahan Göle,"40.7929269,42.6031914",40.7929269,42.6031914
Ardahan,Çıldır,Ardahan Çıldır,"41.1687207,43.1145533",41.1687207,43.1145533
Ardahan,Hanak,Ardahan Hanak,"41.236853,42.8408579",41.236853,42.8408579
Artvin,Şavşat,Artvin Şavşat,"41.2478384,42.3517104",41.2478384,42.3517104
Artvin,Yusufeli,Artvin Yusufeli,"40.8110463,41.5240256",40.8110463,41.5240256
Artvin,Murgul,Artvin Murgul,"41.2464016,41.4928754",41.2464016,41.4928754
Artvin,Borçka,Artvin Borçka,"41.3608999,41.6757299",41.3608999,41.6757299
Artvin,Kemalpaşa,Artvin Kemalpaşa,"41.4816221,41.5239913",41.4816221,41.5239913
Artvin,Hopa,Artvin Hopa,"41.4024081,41.4224843",41.4024081,41.4224843
Artvin,Arhavi,Artvin Arhavi,"41.3524449,41.3029239",41.3524449,41.3029239
Artvin,Ardanuç,Artvin Ardanuç,"41.08695,42.0657034",41.08695,42.0657034
Artvin,Merkez,Artvin Merkez,"41.1363832,41.6793819",41.1363832,41.6793819
Aydın,Bozdoğan,Aydın Bozdoğan,"37.6709668,28.305971",37.6709668,28.305971
Aydın,Buharkent,Aydın Buharkent,"37.9720108,28.7345154",37.9720108,28.7345154
Aydın,Çine,Aydın Çine,"37.612559,28.0517873",37.612559,28.0517873
Aydın,Didim,Aydın Didim,"37.3723241,27.2585934",37.3723241,27.2585934
Aydın,Germencik,Aydın Germencik,"37.8703409,27.5875739",37.8703409,27.5875739
Aydın,İncirliova,Aydın İncirliova,"37.8518158,27.7197884",37.8518158,27.7197884
Aydın,Karpuzlu,Aydın Karpuzlu,"37.5597677,27.8316717",37.5597677,27.8316717
Aydın,Koçarlı,Aydın Koçarlı,"37.5597677,27.8316717",37.5597677,27.8316717
Aydın,Efeler,Aydın Efeler,"37.8358101,27.8267742",37.8358101,27.8267742
Aydın,Kuşadası,Aydın Kuşadası,"37.8557184,27.2504919",37.8557184,27.2504919
Aydın,Köşk,Aydın Köşk,"37.8527479,28.0481559",37.8527479,28.0481559
Aydın,Yenipazar,Aydın Yenipazar,"37.8263594,28.189692",37.8263594,28.189692
Aydın,Sultanhisar,Aydın Sultanhisar,"37.9435044,28.1476846",37.9435044,28.1476846
Aydın,Karacasu,Aydın Karacasu,"37.7284683,28.5990705",37.7284683,28.5990705
Aydın,Nazilli,Aydın Nazilli,"37.9103015,28.3162419",37.9103015,28.3162419
Aydın,Söke,Aydın Söke,"37.6767616,27.1936072",37.6767616,27.1936072
Aydın,Kuyucak,Aydın Kuyucak,"37.9141489,28.4576479",37.9141489,28.4576479
Ağrı,Patnos,Ağrı Patnos,"39.2328513,42.837197",39.2328513,42.837197
Ağrı,Merkez,Ağrı Merkez,"39.7786143,42.9744772",39.7786143,42.9744772
Ağrı,Hamur,Ağrı Hamur,"39.4953348,42.9975044",39.4953348,42.9975044
Ağrı,Eleşkirt,Ağrı Eleşkirt,"39.8018806,42.672947",39.8018806,42.672947
Ağrı,Doğubayazıt,Ağrı Doğubayazıt,"39.5550708,44.0507905",39.5550708,44.0507905
Ağrı,Diyadin,Ağrı Diyadin,"39.5439716,43.6615523",39.5439716,43.6615523
Ağrı,Taşlıçay,Ağrı Taşlıçay,"39.6353001,43.3710399",39.6353001,43.3710399
Ağrı,Tutak,Ağrı Tutak,"39.5439461,42.7636259",39.5439461,42.7636259
Balıkesir,Gönen,Balıkesir Gönen,"40.1073348,27.6421438",40.1073348,27.6421438
Balıkesir,Gömeç,Balıkesir Gömeç,"39.3855257,26.8340014",39.3855257,26.8340014
Balıkesir,Burhaniye,Balıkesir Burhaniye,"39.5024977,26.9675364",39.5024977,26.9675364
Balıkesir,Bigadiç,Balıkesir Bigadiç,"39.4013236,28.1264942",39.4013236,28.1264942
Balıkesir,Bandırma,Balıkesir Bandırma,"40.3389328,27.9455895",40.3389328,27.9455895
Balıkesir,Balya,Balıkesir Balya,"39.7496706,27.5767463",39.7496706,27.5767463
Balıkesir,Erdek,Balıkesir Erdek,"40.4027359,27.7751883",40.4027359,27.7751883
Balıkesir,Ayvalık,Balıkesir Ayvalık,"39.3336394,26.6880781",39.3336394,26.6880781
Balıkesir,Altıeylül,Balıkesir Altıeylül,"39.6478537,27.8691101",39.6478537,27.8691101
Balıkesir,Dursunbey,Balıkesir Dursunbey,"39.5846057,28.6202359",39.5846057,28.6202359
Balıkesir,Edremit,Balıkesir Edremit,"39.6586195,26.7938574",39.6586195,26.7938574
Balıkesir,Sındırgı,Balıkesir Sındırgı,"39.2429157,28.1700229",39.2429157,28.1700229
Balıkesir,Havran,Balıkesir Havran,"39.5599256,27.0932102",39.5599256,27.0932102
Balıkesir,İvrindi,Balıkesir İvrindi,"39.5812196,27.4859038",39.5812196,27.4859038
Balıkesir,Susurluk,Balıkesir Susurluk,"39.9146361,28.1532269",39.9146361,28.1532269
Balıkesir,Karesi,Balıkesir Karesi,"39.6478537,27.8691101",39.6478537,27.8691101
Balıkesir,Kepsut,Balıkesir Kepsut,"39.6882897,28.1536949",39.6882897,28.1536949
Balıkesir,Manyas,Balıkesir Manyas,"40.0461566,27.9693047",40.0461566,27.9693047
Balıkesir,Marmara,Balıkesir Marmara,"40.5681123,27.5633945",40.5681123,27.5633945
Balıkesir,Savaştepe,Balıkesir Savaştepe,"39.4337923,27.5938109",39.4337923,27.5938109
Bartın,Kurucaşile,Bartın Kurucaşile,"41.8431654,32.7188404",41.8431654,32.7188404
Bartın,Ulus,Bartın Ulus,"41.5431285,32.5800639",41.5431285,32.5800639
Bartın,Merkez,Bartın Merkez,"41.6297946,32.3277958",41.6297946,32.3277958
Bartın,Amasra,Bartın Amasra,"41.7438929,32.3821914",41.7438929,32.3821914
Batman,Sason,Batman Sason,"38.3311442,41.4122693",38.3311442,41.4122693
Batman,Merkez,Batman Merkez,"37.8987221,41.1311484",37.8987221,41.1311484
Batman,Kozluk,Batman Kozluk,"38.1786984,41.4861003",38.1786984,41.4861003
Batman,Hasankeyf,Batman Hasankeyf,"37.7126622,41.4155907",37.7126622,41.4155907
Batman,Gercüş,Batman Gercüş,"37.6386233,41.2211792",37.6386233,41.2211792
Batman,Beşiri,Batman Beşiri,"37.9192052,41.2907732",37.9192052,41.2907732
Bayburt,Merkez,Bayburt Merkez,"40.2730981,40.1094594",40.2730981,40.1094594
Bayburt,Aydıntepe,Bayburt Aydıntepe,"40.3922696,40.1474384",40.3922696,40.1474384
Bayburt,Demirözü,Bayburt Demirözü,"40.1639265,39.8874717",40.1639265,39.8874717
Bilecik,Osmaneli,Bilecik Osmaneli,"40.3572702,30.0111704",40.3572702,30.0111704
Bilecik,Bozüyük,Bilecik Bozüyük,"39.9025926,30.0468179",39.9025926,30.0468179
Bilecik,Gölpazarı,Bilecik Gölpazarı,"40.282188,30.3066965",40.282188,30.3066965
Bilecik,İnhisar,Bilecik İnhisar,"40.0516901,30.3829442",40.0516901,30.3829442
Bilecik,Merkez,Bilecik Merkez,"40.1501274,29.8474824",40.1501274,29.8474824
Bilecik,Pazaryeri,Bilecik Pazaryeri,"40.0208797,29.8084054",40.0208797,29.8084054
Bilecik,Söğüt,Bilecik Söğüt,"40.0202541,30.1759299",40.0202541,30.1759299
Bilecik,Yenipazar,Bilecik Yenipazar,"40.2025083,30.4345803",40.2025083,30.4345803
Bingöl,Adaklı,Bingöl Adaklı,"39.2350459,40.4685978",39.2350459,40.4685978
Bingöl,Yedisu,Bingöl Yedisu,"39.434322,40.5438273",39.434322,40.5438273
Bingöl,Yayladere,Bingöl Yayladere,"39.228135,40.0699425",39.228135,40.0699425
Bingöl,Solhan,Bingöl Solhan,"38.9631452,41.0340288",38.9631452,41.0340288
Bingöl,Merkez,Bingöl Merkez,"38.9235408,40.3456692",38.9235408,40.3456692
Bingöl,Kiğı,Bingöl Kiğı,"39.3093786,40.3434705",39.3093786,40.3434705
Bingöl,Karlıova,Bingöl Karlıova,"39.2969491,41.0043799",39.2969491,41.0043799
Bingöl,Genç,Bingöl Genç,"38.7523258,40.5519733",38.7523258,40.5519733
Bitlis,Hizan,Bitlis Hizan,"38.2237343,42.4139834",38.2237343,42.4139834
Bitlis,Ahlat,Bitlis Ahlat,"38.7492837,42.466437",38.7492837,42.466437
Bitlis,Mutki,Bitlis Mutki,"38.4102525,41.9218654",38.4102525,41.9218654
Bitlis,Tatvan,Bitlis Tatvan,"38.5037853,42.2706931",38.5037853,42.2706931
Bitlis,Adilcevaz,Bitlis Adilcevaz,"38.8088078,42.7427172",38.8088078,42.7427172
Bitlis,Güroymak,Bitlis Güroymak,"38.5727933,42.0204387",38.5727933,42.0204387
Bitlis,Merkez,Bitlis Merkez,"38.3257256,41.9179892",38.3257256,41.9179892
Bolu,Mengen,Bolu Mengen,"40.9363575,32.0688034",40.9363575,32.0688034
Bolu,Gerede,Bolu Gerede,"40.7942642,32.1903303",40.7942642,32.1903303
Bolu,Dörtdivan,Bolu Dörtdivan,"40.719975,32.0603273",40.719975,32.0603273
Bolu,Göynük,Bolu Göynük,"40.3268795,30.7347639",40.3268795,30.7347639
Bolu,Kıbrıscık,Bolu Kıbrıscık,"40.3268795,30.7347639",40.3268795,30.7347639
Bolu,Merkez,Bolu Merkez,"40.7584219,31.479533",40.7584219,31.479533
Bolu,Mudurnu,Bolu Mudurnu,"40.4656031,31.2070444",40.4656031,31.2070444
Bolu,Seben,Bolu Seben,"40.4110161,31.5693137",40.4110161,31.5693137
Bolu,Yeniçağa,Bolu Yeniçağa,"40.771002,32.028005",40.771002,32.028005
Burdur,Altınyayla,Burdur Altınyayla,"36.9933701,29.5277293",36.9933701,29.5277293
Burdur,Ağlasun,Burdur Ağlasun,"37.6160687,30.5382249",37.6160687,30.5382249
Burdur,Bucak,Burdur Bucak,"37.4580681,30.5540042",37.4580681,30.5540042
Burdur,Yeşilova,Burdur Yeşilova,"37.5055663,29.7467379",37.5055663,29.7467379
Burdur,Tefenni,Burdur Tefenni,"37.310202,29.770834",37.310202,29.770834
Burdur,Merkez,Burdur Merkez,"37.5776788,30.1472653",37.5776788,30.1472653
Burdur,Kemer,Burdur Kemer,"37.3538838,30.0589162",37.3538838,30.0589162
Burdur,Karamanlı,Burdur Karamanlı,"37.3785717,29.8154268",37.3785717,29.8154268
Burdur,Gölhisar,Burdur Gölhisar,"37.1465607,29.5031989",37.1465607,29.5031989
Burdur,Çeltikçi,Burdur Çeltikçi,"37.534279,30.4199921",37.534279,30.4199921
Burdur,Çavdır,Burdur Çavdır,"37.1148478,29.6460943",37.1148478,29.6460943
Bursa,Yıldırım,Bursa Yıldırım,"40.2479381,29.5167595",40.2479381,29.5167595
Bursa,Büyükorhan,Bursa Büyükorhan,"39.7712161,28.8816257",39.7712161,28.8816257
Bursa,Osmangazi,Bursa Osmangazi,"40.2217797,28.9497189",40.2217797,28.9497189
Bursa,Orhangazi,Bursa Orhangazi,"40.4537992,29.2900199",40.4537992,29.2900199
Bursa,Orhaneli,Bursa Orhaneli,"39.9036549,28.8616684",39.9036549,28.8616684
Bursa,Nilüfer,Bursa Nilüfer,"40.2124323,28.6009615",40.2124323,28.6009615
Bursa,Mudanya,Bursa Mudanya,"40.3656968,28.8787751",40.3656968,28.8787751
Bursa,Yenişehir,Bursa Yenişehir,"40.2479381,29.5167595",40.2479381,29.5167595
Bursa,Keles,Bursa Keles,"39.9132286,29.2297318",39.9132286,29.2297318
Bursa,Kestel,Bursa Kestel,"40.1989939,29.2002518",40.1989939,29.2002518
Bursa,Gemlik,Bursa Gemlik,"40.434022,29.1531413",40.434022,29.1531413
Bursa,Gürsu,Bursa Gürsu,"40.2689416,29.1858456",40.2689416,29.1858456
Bursa,Mustafakemalpaşa,Bursa Mustafakemalpaşa,"40.038375,28.3932668",40.038375,28.3932668
Bursa,İnegöl,Bursa İnegöl,"40.0963609,29.4698441",40.0963609,29.4698441
Bursa,İznik,Bursa İznik,"40.4304944,29.7044213",40.4304944,29.7044213
Bursa,Karacabey,Bursa Karacabey,"40.2128554,28.3521852",40.2128554,28.3521852
Bursa,Harmancık,Bursa Harmancık,"39.7032713,29.0387799",39.7032713,29.0387799
Denizli,Tavas,Denizli Tavas,"37.5768391,29.0518338",37.5768391,29.0518338
Denizli,Serinhisar,Denizli Serinhisar,"37.5793059,29.262257",37.5793059,29.262257
Denizli,Sarayköy,Denizli Sarayköy,"37.9199526,28.7974119",37.9199526,28.7974119
Denizli,Pamukkale,Denizli Pamukkale,"37.8910121,29.0437754",37.8910121,29.0437754
Denizli,Merkezefendi,Denizli Merkezefendi,"37.7829704,29.0403617",37.7829704,29.0403617
Denizli,Kale,Denizli Kale,"37.4351381,28.6999213",37.4351381,28.6999213
Denizli,Honaz,Denizli Honaz,"37.7577689,29.2673419",37.7577689,29.2673419
Denizli,Güney,Denizli Güney,"38.1439676,28.9659753",38.1439676,28.9659753
Denizli,Çardak,Denizli Çardak,"37.8263144,29.6700139",37.8263144,29.6700139
Denizli,Çameli,Denizli Çameli,"37.0420094,29.1862259",37.0420094,29.1862259
Denizli,Çal,Denizli Çal,"38.0823698,29.3901999",38.0823698,29.3901999
Denizli,Bozkurt,Denizli Bozkurt,"37.8058067,29.4945793",37.8058067,29.4945793
Denizli,Beyağaç,Denizli Beyağaç,"37.2211902,28.849133",37.2211902,28.849133
Denizli,Bekilli,Denizli Bekilli,"38.2306642,29.4151372",38.2306642,29.4151372
Denizli,Baklan,Denizli Baklan,"37.9796207,29.6020252",37.9796207,29.6020252
Denizli,Babadağ,Denizli Babadağ,"37.8087197,28.8515427",37.8087197,28.8515427
Denizli,Acıpayam,Denizli Acıpayam,"37.4264679,29.3408279",37.4264679,29.3408279
Denizli,Çivril,Denizli Çivril,"38.2967914,29.7208989",38.2967914,29.7208989
Denizli,Buldan,Denizli Buldan,"38.0442138,28.8294374",38.0442138,28.8294374
Diyarbakır,Eğil,Diyarbakır Eğil,"38.2589428,40.07828",38.2589428,40.07828
Diyarbakır,Bismil,Diyarbakır Bismil,"37.851617,40.6559828",37.851617,40.6559828
Diyarbakır,Çermik,Diyarbakır Çermik,"38.1364909,39.4521828",38.1364909,39.4521828
Diyarbakır,Çınar,Diyarbakır Çınar,"37.6686856,40.0776097",37.6686856,40.0776097
Diyarbakır,Bağlar,Diyarbakır Bağlar,"37.9228529,40.121393",37.9228529,40.121393
Diyarbakır,Çüngüş,Diyarbakır Çüngüş,"38.2117092,39.2868782",38.2117092,39.2868782
Diyarbakır,Dicle,Diyarbakır Dicle,"38.2117092,39.2868782",38.2117092,39.2868782
Diyarbakır,Silvan,Diyarbakır Silvan,"38.1412164,40.7645001",38.1412164,40.7645001
Diyarbakır,Sur,Diyarbakır Sur,"38.0427358,40.2806212",38.0427358,40.2806212
Diyarbakır,Lice,Diyarbakır Lice,"38.4631303,40.5048977",38.4631303,40.5048977
Diyarbakır,Kulp,Diyarbakır Kulp,"38.4822343,40.9031292",38.4822343,40.9031292
Diyarbakır,Kocaköy,Diyarbakır Kocaköy,"38.2899153,40.496137",38.2899153,40.496137
Diyarbakır,Ergani,Diyarbakır Ergani,"38.2672609,39.7496413",38.2672609,39.7496413
Diyarbakır,Kayapınar,Diyarbakır Kayapınar,"37.9228529,40.121393",37.9228529,40.121393
Diyarbakır,Hani,Diyarbakır Hani,"38.4272255,40.3125638",38.4272255,40.3125638
Diyarbakır,Yenişehir,Diyarbakır Yenişehir,"37.9228529,40.121393",37.9228529,40.121393
Diyarbakır,Hazro,Diyarbakır Hazro,"38.2281614,40.6765578",38.2281614,40.6765578
Düzce,Gölyaka,Düzce Gölyaka,"40.7778402,30.9634931",40.7778402,30.9634931
Düzce,Gümüşova,Düzce Gümüşova,"40.8477809,30.8338359",40.8477809,30.8338359
Düzce,Kaynaşlı,Düzce Kaynaşlı,"40.7738721,31.2990487",40.7738721,31.2990487
Düzce,Merkez,Düzce Merkez,"40.8107581,31.0248074",40.8107581,31.0248074
Düzce,Yığılca,Düzce Yığılca,"40.9624122,31.4368219",40.9624122,31.4368219
Düzce,Akçakoca,Düzce Akçakoca,"41.0813983,31.103425",41.0813983,31.103425
Düzce,Çilimli,Düzce Çilimli,"40.8919258,31.0341138",40.8919258,31.0341138
Düzce,Cumayeri,Düzce Cumayeri,"40.8764467,30.9355878",40.8764467,30.9355878
Edirne,Uzunköprü,Edirne Uzunköprü,"41.2592819,26.6629162",41.2592819,26.6629162
Edirne,Süloğlu,Edirne Süloğlu,"41.7669595,26.8939839",41.7669595,26.8939839
Edirne,Merkez,Edirne Merkez,"41.6657438,26.4098214",41.6657438,26.4098214
Edirne,Meriç,Edirne Meriç,"41.1841951,26.365459",41.1841951,26.365459
Edirne,İpsala,Edirne İpsala,"40.9158607,26.3684893",40.9158607,26.3684893
Edirne,Havsa,Edirne Havsa,"40.724813,26.0775",40.724813,26.0775
Edirne,Enez,Edirne Enez,"40.724813,26.0775",40.724813,26.0775
Edirne,Lalapaşa,Edirne Lalapaşa,"40.8184005,26.3924179",40.8184005,26.3924179
Edirne,Keşan,Edirne Keşan,"40.8184005,26.3924179",40.8184005,26.3924179
Elazığ,Maden,Elazığ Maden,"38.4167916,39.4175002",38.4167916,39.4175002
Elazığ,Sivrice,Elazığ Sivrice,"38.4124797,38.9941137",38.4124797,38.9941137
Elazığ,Palu,Elazığ Palu,"38.6896523,39.8799922",38.6896523,39.8799922
Elazığ,Merkez,Elazığ Merkez,"38.6688567,38.9861182",38.6688567,38.9861182
Elazığ,Kovancılar,Elazığ Kovancılar,"38.7181742,39.8543493",38.7181742,39.8543493
Elazığ,Karakoçan,Elazığ Karakoçan,"38.9530802,40.0297838",38.9530802,40.0297838
Elazığ,Baskil,Elazığ Baskil,"38.5701018,38.8189904",38.5701018,38.8189904
Elazığ,Arıcak,Elazığ Arıcak,"38.5641261,40.1326012",38.5641261,40.1326012
Elazığ,Ağın,Elazığ Ağın,"38.9454879,38.5847124",38.9454879,38.5847124
Elazığ,Alacakaya,Elazığ Alacakaya,"38.4618397,39.8601867",38.4618397,39.8601867
Elazığ,Keban,Elazığ Keban,"38.7951747,38.7287208",38.7951747,38.7287208
Erzincan,Tercan,Erzincan Tercan,"39.7793095,40.3789643",39.7793095,40.3789643
Erzincan,Refahiye,Erzincan Refahiye,"39.9002155,38.7629403",39.9002155,38.7629403
Erzincan,Üzümlü,Erzincan Üzümlü,"39.6724618,39.7272543",39.6724618,39.7272543
Erzincan,Merkez,Erzincan Merkez,"39.7002844,39.0942865",39.7002844,39.0942865
Erzincan,Kemaliye,Erzincan Kemaliye,"39.2609431,38.4954147",39.2609431,38.4954147
Erzincan,Kemah,Erzincan Kemah,"39.4579242,38.5607622",39.4579242,38.5607622
Erzincan,İliç,Erzincan İliç,"39.4579242,38.5607622",39.4579242,38.5607622
Erzincan,Çayırlı,Erzincan Çayırlı,"39.8072556,40.0347765",39.8072556,40.0347765
Erzincan,Otlukbeli,Erzincan Otlukbeli,"39.9740351,40.0190164",39.9740351,40.0190164
Erzurum,Yakutiye,Erzurum Yakutiye,"39.9119585,41.2222316",39.9119585,41.2222316
Erzurum,Uzundere,Erzurum Uzundere,"40.530901,41.5447849",40.530901,41.5447849
Erzurum,Tortum,Erzurum Tortum,"40.2135399,41.1299256",40.2135399,41.1299256
Erzurum,Tekman,Erzurum Tekman,"39.6447101,41.5042477",39.6447101,41.5042477
Erzurum,Şenkaya,Erzurum Şenkaya,"40.5678449,42.341083",40.5678449,42.341083
Erzurum,Pazaryolu,Erzurum Pazaryolu,"40.4406473,40.6156499",40.4406473,40.6156499
Erzurum,Pasinler,Erzurum Pasinler,"39.97665,41.6546641",39.97665,41.6546641
Erzurum,Palandöken,Erzurum Palandöken,"39.9119585,41.2222316",39.9119585,41.2222316
Erzurum,Olur,Erzurum Olur,"40.8433705,41.9677734",40.8433705,41.9677734
Erzurum,İspir,Erzurum İspir,"40.486693,40.996588",40.486693,40.996588
Erzurum,Narman,Erzurum Narman,"40.3457074,41.8612888",40.3457074,41.8612888
Erzurum,Aşkale,Erzurum Aşkale,"39.9232115,40.6806053",39.9232115,40.6806053
Erzurum,Oltu,Erzurum Oltu,"40.5430508,41.9799302",40.5430508,41.9799302
Erzurum,Aziziye,Erzurum Aziziye,"39.9437845,41.0983998",39.9437845,41.0983998
Erzurum,Hınıs,Erzurum Hınıs,"39.3621581,41.6921794",39.3621581,41.6921794
Erzurum,Çat,Erzurum Çat,"39.6135592,40.9728859",39.6135592,40.9728859
Erzurum,Karaçoban,Erzurum Karaçoban,"39.3504686,42.0874833",39.3504686,42.0874833
Erzurum,Köprüköy,Erzurum Köprüköy,"39.970756,41.8566138",39.970756,41.8566138
Erzurum,Horasan,Erzurum Horasan,"40.0363145,42.1382201",40.0363145,42.1382201
Erzurum,Karayazı,Erzurum Karayazı,"39.7032521,42.1388909",39.7032521,42.1388909
Eskişehir,Sivrihisar,Eskişehir Sivrihisar,"39.4444742,31.5250839",39.4444742,31.5250839
Eskişehir,Tepebaşı,Eskişehir Tepebaşı,"39.7654457,30.4622439",39.7654457,30.4622439
Eskişehir,Seyitgazi,Eskişehir Seyitgazi,"39.4470956,30.6886994",39.4470956,30.6886994
Eskişehir,Sarıcakaya,Eskişehir Sarıcakaya,"40.0377771,30.6153364",40.0377771,30.6153364
Eskişehir,Mihalıççık,Eskişehir Mihalıççık,"39.8651606,31.4903189",39.8651606,31.4903189
Eskişehir,Odunpazarı,Eskişehir Odunpazarı,"39.7654457,30.4622439",39.7654457,30.4622439
Eskişehir,Mahmudiye,Eskişehir Mahmudiye,"39.4974485,30.9747119",39.4974485,30.9747119
Eskişehir,İnönü,Eskişehir İnönü,"39.7572667,30.0541104",39.7572667,30.0541104
Eskişehir,Han,Eskişehir Han,"39.1768015,30.7245199",39.1768015,30.7245199
Eskişehir,Günyüzü,Eskişehir Günyüzü,"39.3856547,31.806289",39.3856547,31.806289
Eskişehir,Çifteler,Eskişehir Çifteler,"39.3759426,31.0292753",39.3759426,31.0292753
Eskişehir,Beylikova,Eskişehir Beylikova,"39.6945521,31.1889893",39.6945521,31.1889893
Eskişehir,Alpu,Eskişehir Alpu,"39.770913,30.9500368",39.770913,30.9500368
Eskişehir,Mihalgazi,Eskişehir Mihalgazi,"40.0273971,30.5715709",40.0273971,30.5715709
Gaziantep,Yavuzeli,Gaziantep Yavuzeli,"37.3138135,37.560203",37.3138135,37.560203
Gaziantep,Şehitkamil,Gaziantep Şehitkamil,"37.0588328,37.338852",37.0588328,37.338852
Gaziantep,Şahinbey,Gaziantep Şahinbey,"37.0588328,37.338852",37.0588328,37.338852
Gaziantep,Nizip,Gaziantep Nizip,"37.007504,37.7717006",37.007504,37.7717006
Gaziantep,Nurdağı,Gaziantep Nurdağı,"37.1812076,36.7265403",37.1812076,36.7265403
Gaziantep,Karkamış,Gaziantep Karkamış,"36.8347145,37.9918259",36.8347145,37.9918259
Gaziantep,İslahiye,Gaziantep İslahiye,"37.0224152,36.6250762",37.0224152,36.6250762
Gaziantep,Araban,Gaziantep Araban,"37.4268666,37.6758673",37.4268666,37.6758673
Gaziantep,Oğuzeli,Gaziantep Oğuzeli,"36.962936,37.5079064",36.962936,37.5079064
Giresun,Alucra,Giresun Alucra,"40.323989,38.757025",40.323989,38.757025
Giresun,Bulancak,Giresun Bulancak,"40.9342391,38.1954231",40.9342391,38.1954231
Giresun,Çamoluk,Giresun Çamoluk,"40.1337995,38.7298708",40.1337995,38.7298708
Giresun,Çanakçı,Giresun Çanakçı,"40.9159823,38.9891443",40.9159823,38.9891443
Giresun,Doğankent,Giresun Doğankent,"40.8091931,38.9141496",40.8091931,38.9141496
Giresun,Dereli,Giresun Dereli,"40.740646,38.448435",40.740646,38.448435
Giresun,Yağlıdere,Giresun Yağlıdere,"40.8637525,38.6225841",40.8637525,38.6225841
Giresun,Tirebolu,Giresun Tirebolu,"41.0081195,38.8253775",41.0081195,38.8253775
Giresun,Şebinkarahisar,Giresun Şebinkarahisar,"40.2916674,38.4083723",40.2916674,38.4083723
Giresun,Piraziz,Giresun Piraziz,"40.952078,38.1165684",40.952078,38.1165684
Giresun,Eynesil,Giresun Eynesil,"41.053162,39.1125006",41.053162,39.1125006
Giresun,Keşap,Giresun Keşap,"40.8366554,38.4651644",40.8366554,38.4651644
Giresun,Güce,Giresun Güce,"40.8975067,38.7921383",40.8975067,38.7921383
Giresun,Görele,Giresun Görele,"41.0337016,38.9881344",41.0337016,38.9881344
Giresun,Espiye,Giresun Espiye,"40.9453962,38.6991592",40.9453962,38.6991592
Giresun,Merkez,Giresun Merkez,"40.7999655,38.3006765",40.7999655,38.3006765
Gümüşhane,Kelkit,Gümüşhane Kelkit,"40.1320859,39.4264774",40.1320859,39.4264774
Gümüşhane,Köse,Gümüşhane Köse,"40.2238292,39.6006608",40.2238292,39.6006608
Gümüşhane,Kürtün,Gümüşhane Kürtün,"40.7000145,39.0879178",40.7000145,39.0879178
Gümüşhane,Merkez,Gümüşhane Merkez,"40.493321,39.3623188",40.493321,39.3623188
Gümüşhane,Şiran,Gümüşhane Şiran,"40.1896743,39.1163694",40.1896743,39.1163694
Gümüşhane,Torul,Gümüşhane Torul,"40.5606785,39.289302",40.5606785,39.289302
Hakkari,Yüksekova,Hakkari Yüksekova,"37.5680811,44.2695774",37.5680811,44.2695774
Hakkari,Derecik,Hakkari Derecik,"37.0724391,44.3140268",37.0724391,44.3140268
Hakkari,Merkez,Hakkari Merkez,"37.5686932,43.3715737",37.5686932,43.3715737
Hakkari,Çukurca,Hakkari Çukurca,"37.3060074,43.4611582",37.3060074,43.4611582
Hakkari,Şemdinli,Hakkari Şemdinli,"37.2202628,44.3285641",37.2202628,44.3285641
Hatay,Kumlu,Hatay Kumlu,"36.3795743,36.3653483",36.3795743,36.3653483
Hatay,Yayladağı,Hatay Yayladağı,"35.9038984,36.0500404",35.9038984,36.0500404
Hatay,Samandağ,Hatay Samandağ,"36.0830289,35.9487555",36.0830289,35.9487555
Hatay,Reyhanlı,Hatay Reyhanlı,"36.2610264,36.5474541",36.2610264,36.5474541
Hatay,Payas,Hatay Payas,"36.7670141,36.1941537",36.7670141,36.1941537
Hatay,Kırıkhan,Hatay Kırıkhan,"36.5408479,36.3431598",36.5408479,36.3431598
Hatay,Defne,Hatay Defne,"36.1391892,36.0735951",36.1391892,36.0735951
Hatay,Hassa,Hatay Hassa,"36.8004732,36.5072593",36.8004732,36.5072593
Hatay,Erzin,Hatay Erzin,"36.954564,36.1783911",36.954564,36.1783911
Hatay,Dörtyol,Hatay Dörtyol,"36.8337611,36.2024752",36.8337611,36.2024752
Hatay,Belen,Hatay Belen,"36.4289037,36.0766993",36.4289037,36.0766993
Hatay,Arsuz,Hatay Arsuz,"36.4122908,35.8800008",36.4122908,35.8800008
Hatay,Antakya,Hatay Antakya,"36.2210872,36.1243441",36.2210872,36.1243441
Hatay,Altınözü,Hatay Altınözü,"36.1201259,36.2419299",36.1201259,36.2419299
Hatay,İskenderun,Hatay İskenderun,"36.5862039,36.117371",36.5862039,36.117371
Isparta,Yenişarbademli,Isparta Yenişarbademli,"37.7093699,31.3845009",37.7093699,31.3845009
Isparta,Yalvaç,Isparta Yalvaç,"38.2938208,31.1670258",38.2938208,31.1670258
Isparta,Uluborlu,Isparta Uluborlu,"38.0800399,30.4388254",38.0800399,30.4388254
Isparta,Sütçüler,Isparta Sütçüler,"37.5437662,30.9126522",37.5437662,30.9126522
Isparta,Senirkent,Isparta Senirkent,"38.1081944,30.5393323",38.1081944,30.5393323
Isparta,Şarkikaraağaç,Isparta Şarkikaraağaç,"37.7257851,30.4599339",37.7257851,30.4599339
Isparta,Keçiborlu,Isparta Keçiborlu,"37.9372265,30.2916623",37.9372265,30.2916623
Isparta,Merkez,Isparta Merkez,"37.7254714,30.4606207",37.7254714,30.4606207
Isparta,Eğirdir,Isparta Eğirdir,"37.877168,30.8254204",37.877168,30.8254204
Isparta,Gönen,Isparta Gönen,"37.9599762,30.5080584",37.9599762,30.5080584
Isparta,Gelendost,Isparta Gelendost,"38.0977226,30.8515012",38.0977226,30.8515012
Isparta,Aksu,Isparta Aksu,"37.8045945,31.0501498",37.8045945,31.0501498
Isparta,Atabey,Isparta Atabey,"37.9844924,30.5660219",37.9844924,30.5660219
Iğdır,Aralık,Iğdır Aralık,"39.8762935,44.5036049",39.8762935,44.5036049
Iğdır,Tuzluca,Iğdır Tuzluca,"40.043411,43.6466854",40.043411,43.6466854
Iğdır,Merkez,Iğdır Merkez,"39.8654783,43.8603019",39.8654783,43.8603019
Iğdır,Karakoyunlu,Iğdır Karakoyunlu,"39.9739616,44.1704189",39.9739616,44.1704189
Kahramanmaraş,Afşin,Kahramanmaraş Afşin,"38.2472749,36.8946466",38.2472749,36.8946466
Kahramanmaraş,Andırın,Kahramanmaraş Andırın,"37.5764728,36.345495",37.5764728,36.345495
Kahramanmaraş,Çağlayancerit,Kahramanmaraş Çağlayancerit,"37.7775561,37.1667127",37.7775561,37.1667127
Kahramanmaraş,Dulkadiroğlu,Kahramanmaraş Dulkadiroğlu,"37.5554913,36.8290213",37.5554913,36.8290213
Kahramanmaraş,Ekinözü,Kahramanmaraş Ekinözü,"37.997827,37.0377059",37.997827,37.0377059
Kahramanmaraş,Göksun,Kahramanmaraş Göksun,"38.0233654,36.4730785",38.0233654,36.4730785
Kahramanmaraş,Nurhak,Kahramanmaraş Nurhak,"37.9607495,37.4196581",37.9607495,37.4196581
Kahramanmaraş,Onikişubat,Kahramanmaraş Onikişubat,"37.5554913,36.8290213",37.5554913,36.8290213
Kahramanmaraş,Pazarcık,Kahramanmaraş Pazarcık,"37.485752,37.2874783",37.485752,37.2874783
Kahramanmaraş,Türkoğlu,Kahramanmaraş Türkoğlu,"37.3832027,36.8438638",37.3832027,36.8438638
Kahramanmaraş,Elbistan,Kahramanmaraş Elbistan,"38.2031082,37.1505386",38.2031082,37.1505386
Karabük,Yenice,Karabük Yenice,"41.165109,32.0852284",41.165109,32.0852284
Karabük,Safranbolu,Karabük Safranbolu,"41.2593254,32.6592917",41.2593254,32.6592917
Karabük,Ovacık,Karabük Ovacık,"41.075302,32.910721",41.075302,32.910721
Karabük,Eflani,Karabük Eflani,"41.4267544,32.9521249",41.4267544,32.9521249
Karabük,Eskipazar,Karabük Eskipazar,"40.9467142,32.5145908",40.9467142,32.5145908
Karabük,Merkez,Karabük Merkez,"41.1864209,32.4633565",41.1864209,32.4633565
Karaman,Ermenek,Karaman Ermenek,"36.6355068,32.8867952",36.6355068,32.8867952
Karaman,Kazımkarabekir,Karaman Kazımkarabekir,"37.2276441,32.9498043",37.2276441,32.9498043
Karaman,Merkez,Karaman Merkez,"37.1697013,32.9008792",37.1697013,32.9008792
Karaman,Sarıveliler,Karaman Sarıveliler,"36.6470043,32.5073314",36.6470043,32.5073314
Karaman,Ayrancı,Karaman Ayrancı,"37.359675,33.6813055",37.359675,33.6813055
Karaman,Başyayla,Karaman Başyayla,"36.7530485,32.679522",36.7530485,32.679522
Kars,Akyaka,Kars Akyaka,"40.792501,43.5153079",40.792501,43.5153079
Kars,Digor,Kars Digor,"40.3753824,43.4073203",40.3753824,43.4073203
Kars,Kağızman,Kars Kağızman,"40.1479207,42.7609841",40.1479207,42.7609841
Kars,Merkez,Kars Merkez,"40.5623243,42.9227922",40.5623243,42.9227922
Kars,Sarıkamış,Kars Sarıkamış,"40.3315454,42.5639987",40.3315454,42.5639987
Kars,Selim,Kars Selim,"40.4625869,42.7782363",40.4625869,42.7782363
Kars,Susuz,Kars Susuz,"40.7791321,43.1233601",40.7791321,43.1233601
Kars,Arpaçay,Kars Arpaçay,"40.849027,43.3250239",40.849027,43.3250239
Kastamonu,Devrekani,Kastamonu Devrekani,"41.6039119,33.8338479",41.6039119,33.8338479
Kastamonu,Hanönü,Kastamonu Hanönü,"41.6265311,34.4526238",41.6265311,34.4526238
Kastamonu,Abana,Kastamonu Abana,"41.9503895,34.0078136",41.9503895,34.0078136
Kastamonu,Ağlı,Kastamonu Ağlı,"41.687252,33.5499097",41.687252,33.5499097
Kastamonu,Araç,Kastamonu Araç,"41.2448932,33.3196483",41.2448932,33.3196483
Kastamonu,Azdavay,Kastamonu Azdavay,"41.6392409,33.2966344",41.6392409,33.2966344
Kastamonu,Bozkurt,Kastamonu Bozkurt,"41.8717948,33.957814",41.8717948,33.957814
Kastamonu,Çatalzeytin,Kastamonu Çatalzeytin,"41.8578998,34.1061499",41.8578998,34.1061499
Kastamonu,Doğanyurt,Kastamonu Doğanyurt,"42.0040094,33.4586382",42.0040094,33.4586382
Kastamonu,Cide,Kastamonu Cide,"41.8774454,32.9019645",41.8774454,32.9019645
Kastamonu,Daday,Kastamonu Daday,"41.4766386,33.4545437",41.4766386,33.4545437
Kastamonu,Taşköprü,Kastamonu Taşköprü,"41.5051034,34.2078014",41.5051034,34.2078014
Kastamonu,İhsangazi,Kastamonu İhsangazi,"41.20386,33.5517754",41.20386,33.5517754
Kastamonu,İnebolu,Kastamonu İnebolu,"41.9738651,33.7334442",41.9738651,33.7334442
Kastamonu,Küre,Kastamonu Küre,"41.8046001,33.4980915",41.8046001,33.4980915
Kastamonu,Merkez,Kastamonu Merkez,"41.3165524,33.6575889",41.3165524,33.6575889
Kastamonu,Pınarbaşı,Kastamonu Pınarbaşı,"41.628935,32.884628",41.628935,32.884628
Kastamonu,Şenpazar,Kastamonu Şenpazar,"41.8107945,33.2300398",41.8107945,33.2300398
Kastamonu,Seydiler,Kastamonu Seydiler,"41.6186259,33.7159185",41.6186259,33.7159185
Kastamonu,Tosya,Kastamonu Tosya,"41.0156635,34.0170297",41.0156635,34.0170297
Kayseri,Pınarbaşı,Kayseri Pınarbaşı,"38.7231238,36.3826428",38.7231238,36.3826428
Kayseri,Sarıoğlan,Kayseri Sarıoğlan,"39.1407278,35.8087162",39.1407278,35.8087162
Kayseri,Sarız,Kayseri Sarız,"38.4912723,36.3252182",38.4912723,36.3252182
Kayseri,Özvatan,Kayseri Özvatan,"39.12992,35.6542503",39.12992,35.6542503
Kayseri,Tomarza,Kayseri Tomarza,"38.4495574,35.7902313",38.4495574,35.7902313
Kayseri,Melikgazi,Kayseri Melikgazi,"38.7235059,35.3876165",38.7235059,35.3876165
Kayseri,Talas,Kayseri Talas,"38.6943172,35.5380391",38.6943172,35.5380391
Kayseri,Kocasinan,Kayseri Kocasinan,"38.7235059,35.3876165",38.7235059,35.3876165
Kayseri,Felahiye,Kayseri Felahiye,"39.0891388,35.5619705",39.0891388,35.5619705
Kayseri,Hacılar,Kayseri Hacılar,"38.6451033,35.4458719",38.6451033,35.4458719
Kayseri,Yahyalı,Kayseri Yahyalı,"38.1101394,35.3484029",38.1101394,35.3484029
Kayseri,Develi,Kayseri Develi,"38.3877242,35.4645091",38.3877242,35.4645091
Kayseri,Bünyan,Kayseri Bünyan,"38.8489508,35.8479533",38.8489508,35.8479533
Kayseri,Akkışla,Kayseri Akkışla,"38.9973918,36.1176764",38.9973918,36.1176764
Kayseri,İncesu,Kayseri İncesu,"38.6186797,35.0569657",38.6186797,35.0569657
Kayseri,Yeşilhisar,Kayseri Yeşilhisar,"38.3479119,35.0804799",38.3479119,35.0804799
Kilis,Merkez,Kilis Merkez,"36.7545205,36.8719016",36.7545205,36.8719016
Kilis,Musabeyli,Kilis Musabeyli,"36.8855423,36.9163437",36.8855423,36.9163437
Kilis,Polateli,Kilis Polateli,"36.8410991,37.1423024",36.8410991,37.1423024
Kilis,Elbeyli,Kilis Elbeyli,"36.6747407,37.4640102",36.6747407,37.4640102
Kocaeli,Çayırova,Kocaeli Çayırova,"40.8284166,29.3661042",40.8284166,29.3661042
Kocaeli,Körfez,Kocaeli Körfez,"40.7606397,29.7185665",40.7606397,29.7185665
Kocaeli,Kartepe,Kocaeli Kartepe,"40.7453157,30.0120511",40.7453157,30.0120511
Kocaeli,Karamürsel,Kocaeli Karamürsel,"40.6853232,29.5712706",40.6853232,29.5712706
Kocaeli,Kandıra,Kocaeli Kandıra,"41.073618,30.1301802",41.073618,30.1301802
Kocaeli,İzmit,Kocaeli İzmit,"40.7711716,29.8932161",40.7711716,29.8932161
Kocaeli,Gölcük,Kocaeli Gölcük,"40.6956222,29.7781934",40.6956222,29.7781934
Kocaeli,Dilovası,Kocaeli Dilovası,"40.7879002,29.5339064",40.7879002,29.5339064
Kocaeli,Derince,Kocaeli Derince,"40.7634501,29.8078607",40.7634501,29.8078607
Kocaeli,Darıca,Kocaeli Darıca,"40.7812897,29.338203",40.7812897,29.338203
Kocaeli,Başiskele,Kocaeli Başiskele,"40.6448543,29.869917",40.6448543,29.869917
Kocaeli,Gebze,Kocaeli Gebze,"40.8045691,29.3811516",40.8045691,29.3811516
Konya,Ereğli,Konya Ereğli,"37.5081324,34.0075156",37.5081324,34.0075156
Konya,Cihanbeyli,Konya Cihanbeyli,"38.6526938,32.8969266",38.6526938,32.8969266
Konya,Çumra,Konya Çumra,"37.5705072,32.7529202",37.5705072,32.7529202
Konya,Derbent,Konya Derbent,"38.0155918,32.0081573",38.0155918,32.0081573
Konya,Sarayönü,Konya Sarayönü,"38.2606139,32.3961384",38.2606139,32.3961384
Konya,Çeltik,Konya Çeltik,"39.0191162,31.7789992",39.0191162,31.7789992
Konya,Meram,Konya Meram,"37.8786132,32.4239119",37.8786132,32.4239119
Konya,Kulu,Konya Kulu,"39.0949345,33.0506237",39.0949345,33.0506237
Konya,Karatay,Konya Karatay,"37.9622412,32.6203625",37.9622412,32.6203625
Konya,Karapınar,Konya Karapınar,"37.7140466,33.5252146",37.7140466,33.5252146
Konya,Derebucak,Konya Derebucak,"37.4288373,31.3916062",37.4288373,31.3916062
Konya,Kadınhanı,Konya Kadınhanı,"38.2405519,32.2030263",38.2405519,32.2030263
Konya,Ilgın,Konya Ilgın,"38.2804844,31.8864477",38.2804844,31.8864477
Konya,Hüyük,Konya Hüyük,"37.9275384,31.4487762",37.9275384,31.4487762
Konya,Halkapınar,Konya Halkapınar,"37.4390544,34.1835904",37.4390544,34.1835904
Konya,Hadim,Konya Hadim,"36.986861,32.4496093",36.986861,32.4496093
Konya,Doğanhisar,Konya Doğanhisar,"38.1492154,31.6610993",38.1492154,31.6610993
Konya,Emirgazi,Konya Emirgazi,"37.9035765,33.8266424",37.9035765,33.8266424
Konya,Güneysınır,Konya Güneysınır,"37.2693134,32.7257665",37.2693134,32.7257665
Konya,Bozkır,Konya Bozkır,"37.1908866,32.2338794",37.1908866,32.2338794
Konya,Yunak,Konya Yunak,"38.8109278,31.7253407",38.8109278,31.7253407
Konya,Altınekin,Konya Altınekin,"38.3082779,32.8561079",38.3082779,32.8561079
Konya,Beyşehir,Konya Beyşehir,"37.6812125,31.7179233",37.6812125,31.7179233
Konya,Selçuklu,Konya Selçuklu,"37.8786132,32.4239119",37.8786132,32.4239119
Konya,Yalıhüyük,Konya Yalıhüyük,"37.2921101,32.0821583",37.2921101,32.0821583
Konya,Tuzlukçu,Konya Tuzlukçu,"38.4724019,31.6166337",38.4724019,31.6166337
Konya,Seydişehir,Konya Seydişehir,"37.4208303,31.8325396",37.4208303,31.8325396
Konya,Ahırlı,Konya Ahırlı,"37.2636275,32.0038989",37.2636275,32.0038989
Konya,Akören,Konya Akören,"37.4533164,32.3634934",37.4533164,32.3634934
Konya,Akşehir,Konya Akşehir,"38.3591803,31.4030846",38.3591803,31.4030846
Konya,Taşkent,Konya Taşkent,"36.9262338,32.4905768",36.9262338,32.4905768
Kütahya,Altıntaş,Kütahya Altıntaş,"39.0599248,30.1029824",39.0599248,30.1029824
Kütahya,Aslanapa,Kütahya Aslanapa,"39.2164642,29.8660235",39.2164642,29.8660235
Kütahya,Domaniç,Kütahya Domaniç,"39.7995831,29.605923",39.7995831,29.605923
Kütahya,Dumlupınar,Kütahya Dumlupınar,"39.7996938,29.5284915",39.7996938,29.5284915
Kütahya,Emet,Kütahya Emet,"39.3413686,29.249422",39.3413686,29.249422
Kütahya,Gediz,Kütahya Gediz,"38.9865027,29.3783053",38.9865027,29.3783053
Kütahya,Hisarcık,Kütahya Hisarcık,"39.2501286,29.2185038",39.2501286,29.2185038
Kütahya,Merkez,Kütahya Merkez,"39.410914,29.7681218",39.410914,29.7681218
Kütahya,Pazarlar,Kütahya Pazarlar,"38.9968732,29.1107379",38.9968732,29.1107379
Kütahya,Şaphane,Kütahya Şaphane,"39.0243827,29.2159244",39.0243827,29.2159244
Kütahya,Çavdarhisar,Kütahya Çavdarhisar,"39.1964782,29.6100784",39.1964782,29.6100784
Kütahya,Tavşanlı,Kütahya Tavşanlı,"39.5519232,29.4776517",39.5519232,29.4776517
Kütahya,Simav,Kütahya Simav,"39.0915755,28.9638887",39.0915755,28.9638887
Kırklareli,Vize,Kırklareli Vize,"41.6001811,27.701472",41.6001811,27.701472
Kırklareli,Pınarhisar,Kırklareli Pınarhisar,"41.6579038,27.355231",41.6579038,27.355231
Kırklareli,Pehlivanköy,Kırklareli Pehlivanköy,"41.3493571,26.9109568",41.3493571,26.9109568
Kırklareli,Merkez,Kırklareli Merkez,"41.8125341,27.0632319",41.8125341,27.0632319
Kırklareli,Lüleburgaz,Kırklareli Lüleburgaz,"41.4043393,27.3381266",41.4043393,27.3381266
Kırklareli,Kofçaz,Kırklareli Kofçaz,"41.945352,27.1550957",41.945352,27.1550957
Kırklareli,Demirköy,Kırklareli Demirköy,"41.825375,27.7606528",41.825375,27.7606528
Kırklareli,Babaeski,Kırklareli Babaeski,"41.4255389,27.0715521",41.4255389,27.0715521
Kırıkkale,Yahşihan,Kırıkkale Yahşihan,"39.8792355,33.3318609",39.8792355,33.3318609
Kırıkkale,Sulakyurt,Kırıkkale Sulakyurt,"40.1615661,33.7127089",40.1615661,33.7127089
Kırıkkale,Merkez,Kırıkkale Merkez,"39.8989819,33.4535424",39.8989819,33.4535424
Kırıkkale,Keskin,Kırıkkale Keskin,"39.6756966,33.6031423",39.6756966,33.6031423
Kırıkkale,Karakeçili,Kırıkkale Karakeçili,"39.5944421,33.3714663",39.5944421,33.3714663
Kırıkkale,Delice,Kırıkkale Delice,"39.9459951,34.0260594",39.9459951,34.0260594
Kırıkkale,Bahşılı,Kırıkkale Bahşılı,"39.8063555,33.4540003",39.8063555,33.4540003
Kırıkkale,Balışeyh,Kırıkkale Balışeyh,"39.9143631,33.7150284",39.9143631,33.7150284
Kırıkkale,Çelebi,Kırıkkale Çelebi,"39.4629201,33.5195634",39.4629201,33.5195634
Kırşehir,Akçakent,Kırşehir Akçakent,"39.6247121,34.0952932",39.6247121,34.0952932
Kırşehir,Mucur,Kırşehir Mucur,"39.0581162,34.3701843",39.0581162,34.3701843
Kırşehir,Merkez,Kırşehir Merkez,"39.1720732,33.8408868",39.1720732,33.8408868
Kırşehir,Kaman,Kırşehir Kaman,"39.3217044,33.5281843",39.3217044,33.5281843
Kırşehir,Çiçekdağı,Kırşehir Çiçekdağı,"39.5768918,34.1848843",39.5768918,34.1848843
Kırşehir,Boztepe,Kırşehir Boztepe,"39.2692407,34.2546412",39.2692407,34.2546412
Kırşehir,Akpınar,Kırşehir Akpınar,"39.4873762,33.7805933",39.4873762,33.7805933
Malatya,Kuluncak,Malatya Kuluncak,"38.8511062,37.5745719",38.8511062,37.5745719
Malatya,Yeşilyurt,Malatya Yeşilyurt,"38.3068303,38.2398806",38.3068303,38.2398806
Malatya,Kale,Malatya Kale,"38.3640761,38.6954663",38.3640761,38.6954663
Malatya,Pütürge,Malatya Pütürge,"38.1785568,38.6809162",38.1785568,38.6809162
Malatya,Akçadağ,Malatya Akçadağ,"38.3786158,37.6991793",38.3786158,37.6991793
Malatya,Arapgir,Malatya Arapgir,"39.0394203,38.4788078",39.0394203,38.4788078
Malatya,Arguvan,Malatya Arguvan,"38.7833248,38.2579415",38.7833248,38.2579415
Malatya,Battalgazi,Malatya Battalgazi,"38.3530137,38.1933869",38.3530137,38.1933869
Malatya,Darende,Malatya Darende,"38.5551108,37.4894983",38.5551108,37.4894983
Malatya,Doğanşehir,Malatya Doğanşehir,"38.0926575,37.8722372",38.0926575,37.8722372
Malatya,Doğanyol,Malatya Doğanyol,"38.3127878,39.0305065",38.3127878,39.0305065
Malatya,Hekimhan,Malatya Hekimhan,"38.8172002,37.9267174",38.8172002,37.9267174
Malatya,Yazıhan,Malatya Yazıhan,"38.5960913,38.1771769",38.5960913,38.1771769
Manisa,Soma,Manisa Soma,"39.1845852,27.560828",39.1845852,27.560828
Manisa,Yunusemre,Manisa Yunusemre,"38.7350172,27.1179258",38.7350172,27.1179258
Manisa,Turgutlu,Manisa Turgutlu,"38.4923414,27.6536185",38.4923414,27.6536185
Manisa,Selendi,Manisa Selendi,"38.7450762,28.8556604",38.7450762,28.8556604
Manisa,Alaşehir,Manisa Alaşehir,"38.3569614,28.5070771",38.3569614,28.5070771
Manisa,Saruhanlı,Manisa Saruhanlı,"38.7292541,27.5429086",38.7292541,27.5429086
Manisa,Sarıgöl,Manisa Sarıgöl,"38.2386003,28.6722057",38.2386003,28.6722057
Manisa,Salihli,Manisa Salihli,"38.4866539,28.0980765",38.4866539,28.0980765
Manisa,Şehzadeler,Manisa Şehzadeler,"38.6238163,27.3523716",38.6238163,27.3523716
Manisa,Köprübaşı,Manisa Köprübaşı,"38.7736629,28.2666268",38.7736629,28.2666268
Manisa,Kırkağaç,Manisa Kırkağaç,"39.1077211,27.6667629",39.1077211,27.6667629
Manisa,Gördes,Manisa Gördes,"38.9315063,28.2839994",38.9315063,28.2839994
Manisa,Kula,Manisa Kula,"38.5455433,28.6171",38.5455433,28.6171
Manisa,Gölmarmara,Manisa Gölmarmara,"38.7110023,27.9016498",38.7110023,27.9016498
Manisa,Demirci,Manisa Demirci,"39.0445273,28.6466064",39.0445273,28.6466064
Manisa,Akhisar,Manisa Akhisar,"38.9238786,27.8001757",38.9238786,27.8001757
Manisa,Ahmetli,Manisa Ahmetli,"38.5167788,27.9212803",38.5167788,27.9212803
Mardin,Savur,Mardin Savur,"37.591441,40.7229522",37.591441,40.7229522
Mardin,Ömerli,Mardin Ömerli,"37.3711682,40.9298082",37.3711682,40.9298082
Mardin,Nusaybin,Mardin Nusaybin,"37.0837524,41.2022666",37.0837524,41.2022666
Mardin,Midyat,Mardin Midyat,"37.4245015,41.3009001",37.4245015,41.3009001
Mardin,Mazıdağı,Mardin Mazıdağı,"37.4562151,40.2699147",37.4562151,40.2699147
Mardin,Kızıltepe,Mardin Kızıltepe,"37.2051047,40.5602886",37.2051047,40.5602886
Mardin,Derik,Mardin Derik,"37.3613591,40.2535389",37.3613591,40.2535389
Mardin,Dargeçit,Mardin Dargeçit,"37.5447451,41.7071554",37.5447451,41.7071554
Mardin,Artuklu,Mardin Artuklu,"37.3374544,40.4807077",37.3374544,40.4807077
Mardin,Yeşilli,Mardin Yeşilli,"37.591441,40.7229522",37.591441,40.7229522
Mersin,Yenişehir,Mersin Yenişehir,"36.8436873,34.4469018",36.8436873,34.4469018
Mersin,Toroslar,Mersin Toroslar,"36.7428762,34.3637615",36.7428762,34.3637615
Mersin,Çamlıyayla,Mersin Çamlıyayla,"37.2509196,34.4195611",37.2509196,34.4195611
Mersin,Silifke,Mersin Silifke,"36.3779477,33.9106146",36.3779477,33.9106146
Mersin,Akdeniz,Mersin Akdeniz,"36.8854852,34.6364533",36.8854852,34.6364533
Mersin,Anamur,Mersin Anamur,"36.0690805,32.8193556",36.0690805,32.8193556
Mersin,Tarsus,Mersin Tarsus,"36.9229674,34.8556966",36.9229674,34.8556966
Mersin,Bozyazı,Mersin Bozyazı,"36.2804452,32.815354",36.2804452,32.815354
Mersin,Erdemli,Mersin Erdemli,"36.6086087,34.2753917",36.6086087,34.2753917
Mersin,Gülnar,Mersin Gülnar,"36.3376243,33.3913743",36.3376243,33.3913743
Mersin,Mezitli,Mersin Mezitli,"36.7428762,34.3637615",36.7428762,34.3637615
Mersin,Aydıncık,Mersin Aydıncık,"36.2103791,33.2273899",36.2103791,33.2273899
Mersin,Mut,Mersin Mut,"36.7999723,34.628116",36.7999723,34.628116
Muğla,Milas,Muğla Milas,"37.3090326,27.7697803",37.3090326,27.7697803
Muğla,Menteşe,Muğla Menteşe,"37.2101718,28.3436546",37.2101718,28.3436546
Muğla,Bodrum,Muğla Bodrum,"37.0358229,27.3921315",37.0358229,27.3921315
Muğla,Dalaman,Muğla Dalaman,"36.7792315,28.7882796",36.7792315,28.7882796
Muğla,Datça,Muğla Datça,"36.7336743,27.6776798",36.7336743,27.6776798
Muğla,Fethiye,Muğla Fethiye,"36.6518817,29.0805851",36.6518817,29.0805851
Muğla,Kavaklıdere,Muğla Kavaklıdere,"37.4457769,28.3588369",37.4457769,28.3588369
Muğla,Marmaris,Muğla Marmaris,"36.8481176,28.2408031",36.8481176,28.2408031
Muğla,Yatağan,Muğla Yatağan,"37.3330987,27.9777482",37.3330987,27.9777482
Muğla,Ula,Muğla Ula,"37.1076174,28.3810347",37.1076174,28.3810347
Muğla,Seydikemer,Muğla Seydikemer,"36.6372741,29.1144995",36.6372741,29.1144995
Muğla,Köyceğiz,Muğla Köyceğiz,"36.9713226,28.6809228",36.9713226,28.6809228
Muğla,Ortaca,Muğla Ortaca,"36.8332301,28.7099186",36.8332301,28.7099186
Muş,Merkez,Muş Merkez,"38.7698756,41.1690027",38.7698756,41.1690027
Muş,Varto,Muş Varto,"39.1733382,41.4437158",39.1733382,41.4437158
Muş,Korkut,Muş Korkut,"38.7350948,41.7751183",38.7350948,41.7751183
Muş,Bulanık,Muş Bulanık,"39.093563,42.2505541",39.093563,42.2505541
Muş,Malazgirt,Muş Malazgirt,"39.1410295,42.5157332",39.1410295,42.5157332
Muş,Hasköy,Muş Hasköy,"38.6834193,41.6756129",38.6834193,41.6756129
Nevşehir,Acıgöl,Nevşehir Acıgöl,"38.5332548,34.4023404",38.5332548,34.4023404
Nevşehir,Avanos,Nevşehir Avanos,"38.7137042,34.824053",38.7137042,34.824053
Nevşehir,Derinkuyu,Nevşehir Derinkuyu,"38.3753888,34.7137452",38.3753888,34.7137452
Nevşehir,Gülşehir,Nevşehir Gülşehir,"38.7435893,34.6158934",38.7435893,34.6158934
Nevşehir,Hacıbektaş,Nevşehir Hacıbektaş,"38.9425117,34.5537178",38.9425117,34.5537178
Nevşehir,Kozaklı,Nevşehir Kozaklı,"39.2069132,34.8414148",39.2069132,34.8414148
Nevşehir,Merkez,Nevşehir Merkez,"38.5646269,34.4888402",38.5646269,34.4888402
Nevşehir,Ürgüp,Nevşehir Ürgüp,"38.6372928,34.902372",38.6372928,34.902372
Niğde,Bor,Niğde Bor,"37.8868881,34.5374761",37.8868881,34.5374761
Niğde,Çamardı,Niğde Çamardı,"37.8350689,34.9810735",37.8350689,34.9810735
Niğde,Çiftlik,Niğde Çiftlik,"38.1758962,34.2826252",38.1758962,34.2826252
Niğde,Merkez,Niğde Merkez,"38.1329277,34.5120414",38.1329277,34.5120414
Niğde,Ulukışla,Niğde Ulukışla,"37.5517975,34.4665288",37.5517975,34.4665288
Niğde,Altunhisar,Niğde Altunhisar,"37.9945943,34.3625424",37.9945943,34.3625424
Ordu,İkizce,Ordu İkizce,"41.0491596,37.0482666",41.0491596,37.0482666
Ordu,Akkuş,Ordu Akkuş,"40.7941686,37.0126669",40.7941686,37.0126669
Ordu,Altınordu,Ordu Altınordu,"40.9936302,37.8236054",40.9936302,37.8236054
Ordu,Aybastı,Ordu Aybastı,"40.6841642,37.3663196",40.6841642,37.3663196
Ordu,Çamaş,Ordu Çamaş,"40.8940845,37.4944656",40.8940845,37.4944656
Ordu,Çatalpınar,Ordu Çatalpınar,"41.1059832,37.2464118",41.1059832,37.2464118
Ordu,Çaybaşı,Ordu Çaybaşı,"41.0173197,37.0946739",41.0173197,37.0946739
Ordu,Fatsa,Ordu Fatsa,"41.0494134,37.430354",41.0494134,37.430354
Ordu,Gölköy,Ordu Gölköy,"40.6895307,37.5969327",40.6895307,37.5969327
Ordu,Gülyalı,Ordu Gülyalı,"40.9533946,38.0442056",40.9533946,38.0442056
Ordu,Gürgentepe,Ordu Gürgentepe,"40.7885562,37.5966428",40.7885562,37.5966428
Ordu,Kabataş,Ordu Kabataş,"40.752078,37.441843",40.752078,37.441843
Ordu,Korgan,Ordu Korgan,"40.8243012,37.3333928",40.8243012,37.3333928
Ordu,Kumru,Ordu Kumru,"40.8771257,37.2510047",40.8771257,37.2510047
Ordu,Mesudiye,Ordu Mesudiye,"40.4648931,37.7699677",40.4648931,37.7699677
Ordu,Perşembe,Ordu Perşembe,"41.0849381,37.7524671",41.0849381,37.7524671
Ordu,Ulubey,Ordu Ulubey,"40.8734548,37.7500354",40.8734548,37.7500354
Ordu,Ünye,Ordu Ünye,"41.1141714,37.2251149",41.1141714,37.2251149
Ordu,Kabadüz,Ordu Kabadüz,"40.8612994,37.8825469",40.8612994,37.8825469
Osmaniye,Bahçe,Osmaniye Bahçe,"37.2014878,36.5554671",37.2014878,36.5554671
Osmaniye,Düziçi,Osmaniye Düziçi,"37.2486396,36.4132881",37.2486396,36.4132881
Osmaniye,Hasanbeyli,Osmaniye Hasanbeyli,"37.1324662,36.5454338",37.1324662,36.5454338
Osmaniye,Kadirli,Osmaniye Kadirli,"37.3694538,36.0767051",37.3694538,36.0767051
Osmaniye,Merkez,Osmaniye Merkez,"37.0866784,36.1235721",37.0866784,36.1235721
Osmaniye,Sumbas,Osmaniye Sumbas,"37.4538499,36.0165049",37.4538499,36.0165049
Osmaniye,Toprakkale,Osmaniye Toprakkale,"37.058022,36.141005",37.058022,36.141005
Rize,Fındıklı,Rize Fındıklı,"41.2708684,41.1283552",41.2708684,41.1283552
Rize,Kalkandere,Rize Kalkandere,"40.9254018,40.4343164",40.9254018,40.4343164
Rize,Ardeşen,Rize Ardeşen,"41.18469,40.9601671",41.18469,40.9601671
Rize,Çamlıhemşin,Rize Çamlıhemşin,"41.0476555,41.0025198",41.0476555,41.0025198
Rize,Çayeli,Rize Çayeli,"41.0757475,40.7172672",41.0757475,40.7172672
Rize,Derepazarı,Rize Derepazarı,"41.0215323,40.4175859",41.0215323,40.4175859
Rize,Güneysu,Rize Güneysu,"40.9815404,40.6091269",40.9815404,40.6091269
Rize,Hemşin,Rize Hemşin,"41.0470616,40.8965357",41.0470616,40.8965357
Rize,İkizdere,Rize İkizdere,"40.7792195,40.5563672",40.7792195,40.5563672
Rize,İyidere,Rize İyidere,"41.0051555,40.3520336",41.0051555,40.3520336
Rize,Merkez,Rize Merkez,"40.9526147,40.4734314",40.9526147,40.4734314
Rize,Pazar,Rize Pazar,"41.1771617,40.8812583",41.1771617,40.8812583
Sakarya,Kaynarca,Sakarya Kaynarca,"41.0333978,30.2902703",41.0333978,30.2902703
Sakarya,Kocaali,Sakarya Kocaali,"41.0597474,30.8441031",41.0597474,30.8441031
Sakarya,Sapanca,Sakarya Sapanca,"40.6907002,30.2011396",40.6907002,30.2011396
Sakarya,Taraklı,Sakarya Taraklı,"40.3958511,30.4887904",40.3958511,30.4887904
Sakarya,Söğütlü,Sakarya Söğütlü,"40.9043585,30.4715094",40.9043585,30.4715094
Sakarya,Karasu,Sakarya Karasu,"41.1026418,30.6541441",41.1026418,30.6541441
Sakarya,Serdivan,Sakarya Serdivan,"40.7490821,30.341009",40.7490821,30.341009
Sakarya,Karapürçek,Sakarya Karapürçek,"40.6148558,30.4742641",40.6148558,30.4742641
Sakarya,Pamukova,Sakarya Pamukova,"40.509772,30.1547923",40.509772,30.1547923
Sakarya,Geyve,Sakarya Geyve,"40.5097739,30.2817358",40.5097739,30.2817358
Sakarya,Ferizli,Sakarya Ferizli,"40.940855,30.4829304",40.940855,30.4829304
Sakarya,Erenler,Sakarya Erenler,"40.6933932,30.4151361",40.6933932,30.4151361
Sakarya,Arifiye,Sakarya Arifiye,"40.6797132,30.3128625",40.6797132,30.3128625
Sakarya,Akyazı,Sakarya Akyazı,"40.6711002,30.6042652",40.6711002,30.6042652
Sakarya,Adapazarı,Sakarya Adapazarı,"40.7888702,30.3956328",40.7888702,30.3956328
Sakarya,Hendek,Sakarya Hendek,"40.7951186,30.6921776",40.7951186,30.6921776
Samsun,Yakakent,Samsun Yakakent,"41.634885,35.5074418",41.634885,35.5074418
Samsun,Vezirköprü,Samsun Vezirköprü,"41.1415432,35.4527543",41.1415432,35.4527543
Samsun,Terme,Samsun Terme,"41.2330296,36.2842818",41.2330296,36.2842818
Samsun,Tekkeköy,Samsun Tekkeköy,"41.2328322,36.4083126",41.2328322,36.4083126
Samsun,Salıpazarı,Samsun Salıpazarı,"41.0813805,36.8216184",41.0813805,36.8216184
Samsun,Ladik,Samsun Ladik,"40.9146923,35.8846413",40.9146923,35.8846413
Samsun,Kavak,Samsun Kavak,"41.1305897,35.8677434",41.1305897,35.8677434
Samsun,İlkadım,Samsun İlkadım,"41.2915306,36.2724136",41.2915306,36.2724136
Samsun,Havza,Samsun Havza,"41.0746889,35.5178423",41.0746889,35.5178423
Samsun,Bafra,Samsun Bafra,"41.5642473,35.8849641",41.5642473,35.8849641
Samsun,Canik,Samsun Canik,"41.2915306,36.2724136",41.2915306,36.2724136
Samsun,Ayvacık,Samsun Ayvacık,"40.9799774,36.3717075",40.9799774,36.3717075
Samsun,Atakum,Samsun Atakum,"41.2915306,36.2724136",41.2915306,36.2724136
Samsun,Asarcık,Samsun Asarcık,"41.0368395,36.2289664",41.0368395,36.2289664
Samsun,Alaçam,Samsun Alaçam,"41.6078698,35.5938596",41.6078698,35.5938596
Samsun,2001-05-19 00:00:00,Samsun 2001-05-19 00:00:00,"41.2915306,36.2724136",41.2915306,36.2724136
Samsun,Çarşamba,Samsun Çarşamba,"41.1951239,36.6997491",41.1951239,36.6997491
Siirt,Tillo,Siirt Tillo,"37.9566599,41.9770583",37.9566599,41.9770583
Siirt,Pervari,Siirt Pervari,"37.8689002,41.7686081",37.8689002,41.7686081
Siirt,Şirvan,Siirt Şirvan,"38.0855377,42.0300342",38.0855377,42.0300342
Siirt,Merkez,Siirt Merkez,"37.8689002,41.7686081",37.8689002,41.7686081
Siirt,Eruh,Siirt Eruh,"37.7488949,42.1737129",37.7488949,42.1737129
Siirt,Baykan,Siirt Baykan,"38.1631448,41.7803954",38.1631448,41.7803954
Siirt,Kurtalan,Siirt Kurtalan,"37.8965746,41.4367672",37.8965746,41.4367672
Sinop,Türkeli,Sinop Türkeli,"41.9453004,34.3346105",41.9453004,34.3346105
Sinop,Gerze,Sinop Gerze,"41.8019756,35.1768233",41.8019756,35.1768233
Sinop,Saraydüzü,Sinop Saraydüzü,"41.3269009,34.8474695",41.3269009,34.8474695
Sinop,Erfelek,Sinop Erfelek,"41.880968,34.8911363",41.880968,34.8911363
Sinop,Merkez,Sinop Merkez,"41.8859688,34.8543405",41.8859688,34.8543405
Sinop,Dikmen,Sinop Dikmen,"41.651315,35.2627757",41.651315,35.2627757
Sinop,Boyabat,Sinop Boyabat,"41.4658736,34.7678213",41.4658736,34.7678213
Sinop,Ayancık,Sinop Ayancık,"41.9443124,34.5839463",41.9443124,34.5839463
Sinop,Durağan,Sinop Durağan,"41.4144349,35.0202685",41.4144349,35.0202685
Sivas,Zara,Sivas Zara,"39.8939121,37.7266955",39.8939121,37.7266955
Sivas,Yıldızeli,Sivas Yıldızeli,"39.870182,36.5895418",39.870182,36.5895418
Sivas,Ulaş,Sivas Ulaş,"39.4441486,37.0295528",39.4441486,37.0295528
Sivas,Şarkışla,Sivas Şarkışla,"39.3509839,36.3856176",39.3509839,36.3856176
Sivas,Merkez,Sivas Merkez,"39.784186,36.660104",39.784186,36.660104
Sivas,Koyulhisar,Sivas Koyulhisar,"40.2970551,37.8235209",40.2970551,37.8235209
Sivas,Kangal,Sivas Kangal,"39.1984304,37.0668693",39.1984304,37.0668693
Sivas,İmranlı,Sivas İmranlı,"39.8734386,38.1071559",39.8734386,38.1071559
Sivas,Suşehri,Sivas Suşehri,"40.1664035,38.0670101",40.1664035,38.0670101
Sivas,Gürün,Sivas Gürün,"38.7221847,37.2595056",38.7221847,37.2595056
Sivas,Gölova,Sivas Gölova,"40.0619096,38.6017815",40.0619096,38.6017815
Sivas,Gemerek,Sivas Gemerek,"39.1835927,36.0620519",39.1835927,36.0620519
Sivas,Doğanşar,Sivas Doğanşar,"40.2142401,37.5313884",40.2142401,37.5313884
Sivas,Divriği,Sivas Divriği,"39.3707186,38.1039699",39.3707186,38.1039699
Sivas,Altınyayla,Sivas Altınyayla,"39.2308678,36.6949989",39.2308678,36.6949989
Sivas,Akıncılar,Sivas Akıncılar,"40.0833401,38.341667",40.0833401,38.341667
Sivas,Hafik,Sivas Hafik,"39.8743034,37.2066608",39.8743034,37.2066608
Tekirdağ,Süleymanpaşa,Tekirdağ Süleymanpaşa,"40.9599076,27.4754599",40.9599076,27.4754599
Tekirdağ,Şarköy,Tekirdağ Şarköy,"40.6149882,27.0943336",40.6149882,27.0943336
Tekirdağ,Saray,Tekirdağ Saray,"41.4437712,27.9101368",41.4437712,27.9101368
Tekirdağ,Muratlı,Tekirdağ Muratlı,"41.174194,27.3015835",41.174194,27.3015835
Tekirdağ,Marmaraereğlisi,Tekirdağ Marmaraereğlisi,"40.9997616,27.8011269",40.9997616,27.8011269
Tekirdağ,Malkara,Tekirdağ Malkara,"40.8973316,26.8801841",40.8973316,26.8801841
Tekirdağ,Hayrabolu,Tekirdağ Hayrabolu,"41.2124951,27.0954124",41.2124951,27.0954124
Tekirdağ,Ergene,Tekirdağ Ergene,"41.3516217,26.9063209",41.3516217,26.9063209
Tekirdağ,Çorlu,Tekirdağ Çorlu,"41.1660132,27.7642256",41.1660132,27.7642256
Tekirdağ,Çerkezköy,Tekirdağ Çerkezköy,"41.2880574,27.9770126",41.2880574,27.9770126
Tekirdağ,Kapaklı,Tekirdağ Kapaklı,"41.3322321,27.9732903",41.3322321,27.9732903
Tokat,Zile,Tokat Zile,"40.2996979,35.869884",40.2996979,35.869884
Tokat,Reşadiye,Tokat Reşadiye,"40.3922976,37.3317989",40.3922976,37.3317989
Tokat,Yeşilyurt,Tokat Yeşilyurt,"40.005295,36.2106812",40.005295,36.2106812
Tokat,Turhal,Tokat Turhal,"40.3937038,36.0555017",40.3937038,36.0555017
Tokat,Sulusaray,Tokat Sulusaray,"39.993403,36.0759054",39.993403,36.0759054
Tokat,Pazar,Tokat Pazar,"40.2788849,36.2827888",40.2788849,36.2827888
Tokat,Başçiftlik,Tokat Başçiftlik,"40.5450175,37.1658148",40.5450175,37.1658148
Tokat,Merkez,Tokat Merkez,"40.2615286,36.4623078",40.2615286,36.4623078
Tokat,Erbaa,Tokat Erbaa,"40.6821907,36.5437446",40.6821907,36.5437446
Tokat,Artova,Tokat Artova,"40.1150475,36.2882317",40.1150475,36.2882317
Tokat,Almus,Tokat Almus,"40.3777211,36.898082",40.3777211,36.898082
Tokat,Niksar,Tokat Niksar,"40.5887352,36.9208011",40.5887352,36.9208011
Trabzon,Tonya,Trabzon Tonya,"40.8866001,39.2879637",40.8866001,39.2879637
Trabzon,Sürmene,Trabzon Sürmene,"40.9043696,40.1070116",40.9043696,40.1070116
Trabzon,Ortahisar,Trabzon Ortahisar,"40.9929989,39.689975",40.9929989,39.689975
Trabzon,Of,Trabzon Of,"40.8817023,40.2502849",40.8817023,40.2502849
Trabzon,Maçka,Trabzon Maçka,"40.809791,39.6044874",40.809791,39.6044874
Trabzon,Köprübaşı,Trabzon Köprübaşı,"40.7095667,40.0259855",40.7095667,40.0259855
Trabzon,Hayrat,Trabzon Hayrat,"40.8894391,40.3655207",40.8894391,40.3655207
Trabzon,Çaykara,Trabzon Çaykara,"40.7454395,40.2411043",40.7454395,40.2411043
Trabzon,Dernekpazarı,Trabzon Dernekpazarı,"40.799143,40.2464334",40.799143,40.2464334
Trabzon,Çarşıbaşı,Trabzon Çarşıbaşı,"41.0177429,39.3578111",41.0177429,39.3578111
Trabzon,Beşikdüzü,Trabzon Beşikdüzü,"41.0533462,39.2229999",41.0533462,39.2229999
Trabzon,Arsin,Trabzon Arsin,"40.9534932,39.9238843",40.9534932,39.9238843
Trabzon,Araklı,Trabzon Araklı,"40.9263665,40.0445566",40.9263665,40.0445566
Trabzon,Akçaabat,Trabzon Akçaabat,"41.0159759,39.550054",41.0159759,39.550054
Trabzon,Vakfıkebir,Trabzon Vakfıkebir,"41.0468446,39.2653707",41.0468446,39.2653707
Trabzon,Düzköy,Trabzon Düzköy,"40.8384391,39.3395501",40.8384391,39.3395501
Trabzon,Yomra,Trabzon Yomra,"40.9636212,39.8406638",40.9636212,39.8406638
Trabzon,Şalpazarı,Trabzon Şalpazarı,"40.941394,39.1904292",40.941394,39.1904292
Tunceli,Nazımiye,Tunceli Nazımiye,"39.1798326,39.8261467",39.1798326,39.8261467
Tunceli,Pülümür,Tunceli Pülümür,"39.4858271,39.8909664",39.4858271,39.8909664
Tunceli,Pertek,Tunceli Pertek,"38.8630708,39.3138273",38.8630708,39.3138273
Tunceli,Çemişgezek,Tunceli Çemişgezek,"39.0612362,38.909122",39.0612362,38.909122
Tunceli,Ovacık,Tunceli Ovacık,"39.3585292,39.2103944",39.3585292,39.2103944
Tunceli,Mazgirt,Tunceli Mazgirt,"39.0197272,39.6023453",39.0197272,39.6023453
Tunceli,Merkez,Tunceli Merkez,"39.1326228,39.3798027",39.1326228,39.3798027
Tunceli,Hozat,Tunceli Hozat,"39.1044367,39.2175363",39.1044367,39.2175363
Uşak,Banaz,Uşak Banaz,"38.7394057,29.7387591",38.7394057,29.7387591
Uşak,Eşme,Uşak Eşme,"38.4002548,28.9577478",38.4002548,28.9577478
Uşak,Karahallı,Uşak Karahallı,"38.3203998,29.5277204",38.3203998,29.5277204
Uşak,Merkez,Uşak Merkez,"38.6826406,28.8987987",38.6826406,28.8987987
Uşak,Ulubey,Uşak Ulubey,"38.4262754,29.2784848",38.4262754,29.2784848
Uşak,Sivaslı,Uşak Sivaslı,"38.4973173,29.6727173",38.4973173,29.6727173
Van,Tuşba,Van Tuşba,"38.5030084,43.2759837",38.5030084,43.2759837
Van,Saray,Van Saray,"38.5258463,44.0772124",38.5258463,44.0772124
Van,Özalp,Van Özalp,"38.7059908,43.8784227",38.7059908,43.8784227
Van,Muradiye,Van Muradiye,"38.9872357,43.7551923",38.9872357,43.7551923
Van,İpekyolu,Van İpekyolu,"38.6052093,43.4203772",38.6052093,43.4203772
Van,Gevaş,Van Gevaş,"38.3005524,43.0821141",38.3005524,43.0821141
Van,Erciş,Van Erciş,"39.0291759,43.3228701",39.0291759,43.3228701
Van,Edremit,Van Edremit,"38.4069712,43.1507832",38.4069712,43.1507832
Van,Çatak,Van Çatak,"38.0014307,42.7637793",38.0014307,42.7637793
Van,Çaldıran,Van Çaldıran,"39.1385902,43.8936293",39.1385902,43.8936293
Van,Başkale,Van Başkale,"38.0429449,44.0106742",38.0429449,44.0106742
Van,Bahçesaray,Van Bahçesaray,"38.1069142,42.7241223",38.1069142,42.7241223
Van,Gürpınar,Van Gürpınar,"38.1153594,43.2977973",38.1153594,43.2977973
Yalova,Termal,Yalova Termal,"40.5961203,29.1337971",40.5961203,29.1337971
Yalova,Altınova,Yalova Altınova,"40.6899107,29.4883147",40.6899107,29.4883147
Yalova,Armutlu,Yalova Armutlu,"40.5131945,28.7837853",40.5131945,28.7837853
Yalova,Çiftlikköy,Yalova Çiftlikköy,"40.6664873,29.3247681",40.6664873,29.3247681
Yalova,Çınarcık,Yalova Çınarcık,"40.6433853,29.0683126",40.6433853,29.0683126
Yalova,Merkez,Yalova Merkez,"40.5941608,29.226623",40.5941608,29.226623
Yozgat,Boğazlıyan,Yozgat Boğazlıyan,"39.1891947,35.2370803",39.1891947,35.2370803
Yozgat,Aydıncık,Yozgat Aydıncık,"40.1293631,35.2842588",40.1293631,35.2842588
Yozgat,Yerköy,Yozgat Yerköy,"39.6456203,34.4512486",39.6456203,34.4512486
Yozgat,Akdağmadeni,Yozgat Akdağmadeni,"39.6631406,35.8703848",39.6631406,35.8703848
Yozgat,Sorgun,Yozgat Sorgun,"39.7929908,35.1377978",39.7929908,35.1377978
Yozgat,Şefaatli,Yozgat Şefaatli,"39.5013526,34.7472739",39.5013526,34.7472739
Yozgat,Sarıkaya,Yozgat Sarıkaya,"39.5061781,35.2409863",39.5061781,35.2409863
Yozgat,Yenifakılı,Yozgat Yenifakılı,"39.2130647,34.995392",39.2130647,34.995392
Yozgat,Merkez,Yozgat Merkez,"39.7530844,34.421461",39.7530844,34.421461
Yozgat,Kadışehri,Yozgat Kadışehri,"39.9953221,35.7880069",39.9953221,35.7880069
Yozgat,Çekerek,Yozgat Çekerek,"40.0632585,35.4912053",40.0632585,35.4912053
Yozgat,Çandır,Yozgat Çandır,"39.2441792,35.5073763",39.2441792,35.5073763
Yozgat,Saraykent,Yozgat Saraykent,"39.6865731,35.4978429",39.6865731,35.4978429
Yozgat,Çayıralan,Yozgat Çayıralan,"39.3061979,35.6217195",39.3061979,35.6217195
Zonguldak,Alaplı,Zonguldak Alaplı,"41.1789622,31.3828208",41.1789622,31.3828208
Zonguldak,Çaycuma,Zonguldak Çaycuma,"41.4332368,32.0556076",41.4332368,32.0556076
Zonguldak,Devrek,Zonguldak Devrek,"41.2204712,31.9508008",41.2204712,31.9508008
Zonguldak,Ereğli,Zonguldak Ereğli,"41.2770011,31.4183811",41.2770011,31.4183811
Zonguldak,Merkez,Zonguldak Merkez,"41.3750378,31.8323045",41.3750378,31.8323045
Zonguldak,Kozlu,Zonguldak Kozlu,"41.4388651,31.7436598",41.4388651,31.7436598
Zonguldak,Kilimli,Zonguldak Kilimli,"41.4881861,31.8566408",41.4881861,31.8566408
Zonguldak,Gökçebey,Zonguldak Gökçebey,"41.3076267,32.1255038",41.3076267,32.1255038
Çanakkale,Ayvacık,Çanakkale Ayvacık,"39.6052082,26.3986694",39.6052082,26.3986694
Çanakkale,Bayramiç,Çanakkale Bayramiç,"39.8076956,26.6040464",39.8076956,26.6040464
Çanakkale,Biga,Çanakkale Biga,"40.2260629,27.2326488",40.2260629,27.2326488
Çanakkale,Bozcaada,Çanakkale Bozcaada,"39.8171701,26.0024866",39.8171701,26.0024866
Çanakkale,Çan,Çanakkale Çan,"40.0313349,27.0475968",40.0313349,27.0475968
Çanakkale,Yenice,Çanakkale Yenice,"39.9274041,27.2549989",39.9274041,27.2549989
Çanakkale,Ezine,Çanakkale Ezine,"39.7830426,26.3322149",39.7830426,26.3322149
Çanakkale,Gelibolu,Çanakkale Gelibolu,"40.4145754,26.6619072",40.4145754,26.6619072
Çanakkale,Gökçeada,Çanakkale Gökçeada,"40.1980561,25.9061066",40.1980561,25.9061066
Çanakkale,Lapseki,Çanakkale Lapseki,"40.3417199,26.6738095",40.3417199,26.6738095
Çanakkale,Merkez,Çanakkale Merkez,"40.0707215,26.3391243",40.0707215,26.3391243
Çanakkale,Eceabat,Çanakkale Eceabat,"40.2128638,26.2477463",40.2128638,26.2477463
Çankırı,Orta,Çankırı Orta,"40.6023569,32.9950418",40.6023569,32.9950418
Çankırı,Merkez,Çankırı Merkez,"40.5576072,33.6503834",40.5576072,33.6503834
Çankırı,Kurşunlu,Çankırı Kurşunlu,"40.839549,33.2525264",40.839549,33.2525264
Çankırı,Korgun,Çankırı Korgun,"40.731396,33.5074105",40.731396,33.5074105
Çankırı,Ilgaz,Çankırı Ilgaz,"40.9268264,33.620469",40.9268264,33.620469
Çankırı,Eldivan,Çankırı Eldivan,"40.527587,33.4903175",40.527587,33.4903175
Çankırı,Çerkeş,Çankırı Çerkeş,"40.8140028,32.8836747",40.8140028,32.8836747
Çankırı,Bayramören,Çankırı Bayramören,"40.9430144,33.1988764",40.9430144,33.1988764
Çankırı,Şabanözü,Çankırı Şabanözü,"40.4800231,33.2709569",40.4800231,33.2709569
Çankırı,Kızılırmak,Çankırı Kızılırmak,"40.3938563,33.8915729",40.3938563,33.8915729
Çankırı,Yapraklı,Çankırı Yapraklı,"40.7468551,33.8196295",40.7468551,33.8196295
Çankırı,Atkaracalar,Çankırı Atkaracalar,"40.809721,33.0732944",40.809721,33.0732944
Çorum,Sungurlu,Çorum Sungurlu,"40.1655829,34.3777512",40.1655829,34.3777512
Çorum,Uğurludağ,Çorum Uğurludağ,"40.4460511,34.4453864",40.4460511,34.4453864
Çorum,Alaca,Çorum Alaca,"40.1657089,34.8403974",40.1657089,34.8403974
Çorum,Bayat,Çorum Bayat,"40.640767,34.2555268",40.640767,34.2555268
Çorum,Dodurga,Çorum Dodurga,"40.8394274,34.6458128",40.8394274,34.6458128
Çorum,İskilip,Çorum İskilip,"40.7297045,34.4678349",40.7297045,34.4678349
Çorum,Kargı,Çorum Kargı,"41.1385564,34.4811644",41.1385564,34.4811644
Çorum,Boğazkale,Çorum Boğazkale,"40.0268841,34.6047944",40.0268841,34.6047944
Çorum,Mecitözü,Çorum Mecitözü,"40.5191446,35.2248129",40.5191446,35.2248129
Çorum,Merkez,Çorum Merkez,"40.499443,34.7215549",40.499443,34.7215549
Çorum,Oğuzlar,Çorum Oğuzlar,"40.7551935,34.7021697",40.7551935,34.7021697
Çorum,Ortaköy,Çorum Ortaköy,"40.2918471,35.1535109",40.2918471,35.1535109
Çorum,Osmancık,Çorum Osmancık,"41.051,34.6111905",41051,34.6111905
Çorum,Laçin,Çorum Laçin,"40.773889,34.8838564",40.773889,34.8838564
İstanbul,Beykoz,İstanbul Beykoz,"41.1384313,29.132011",41.1384313,29.132011
İstanbul,Maltepe,İstanbul Maltepe,"40.9439745,29.1142586",40.9439745,29.1142586
İstanbul,Küçükçekmece,İstanbul Küçükçekmece,"41.0207115,28.7547041",41.0207115,28.7547041
İstanbul,Kartal,İstanbul Kartal,"40.9206639,29.1554591",40.9206639,29.1554591
İstanbul,Beylikdüzü,İstanbul Beylikdüzü,"40.9879689,28.6053481",40.9879689,28.6053481
İstanbul,Kadıköy,İstanbul Kadıköy,"40.9811904,29.0217681",40.9811904,29.0217681
İstanbul,Beşiktaş,İstanbul Beşiktaş,"41.071748,29.0016897",41.071748,29.0016897
İstanbul,Ataşehir,İstanbul Ataşehir,"40.9869794,29.1215945",40.9869794,29.1215945
İstanbul,Başakşehir,İstanbul Başakşehir,"41.1037154,28.6534476",41.1037154,28.6534476
İstanbul,Bakırköy,İstanbul Bakırköy,"40.9808824,28.7936001",40.9808824,28.7936001
İstanbul,Bahçelievler,İstanbul Bahçelievler,"40.9975152,28.8402348",40.9975152,28.8402348
İstanbul,Bağcılar,İstanbul Bağcılar,"41.0448975,28.8196862",41.0448975,28.8196862
İstanbul,Avcılar,İstanbul Avcılar,"40.9843749,28.7006298",40.9843749,28.7006298
İstanbul,Pendik,İstanbul Pendik,"40.8793412,29.2478138",40.8793412,29.2478138
İstanbul,Arnavutköy,İstanbul Arnavutköy,"41.2490691,28.5724898",41.2490691,28.5724898
İstanbul,Adalar,İstanbul Adalar,"40.8664658,28.9830592",40.8664658,28.9830592
İstanbul,Bayrampaşa,İstanbul Bayrampaşa,"41.05075,28.8805716",41.05075,28.8805716
İstanbul,Sancaktepe,İstanbul Sancaktepe,"40.9994841,29.1910585",40.9994841,29.1910585
İstanbul,Tuzla,İstanbul Tuzla,"40.8918133,29.2741194",40.8918133,29.2741194
İstanbul,Şile,İstanbul Şile,"41.16652,29.5770761",41.16652,29.5770761
İstanbul,Güngören,İstanbul Güngören,"41.0199833,28.8693368",41.0199833,28.8693368
İstanbul,Gaziosmanpaşa,İstanbul Gaziosmanpaşa,"41.073949,28.8861241",41.073949,28.8861241
İstanbul,Fatih,İstanbul Fatih,"41.01429,28.9329791",41.01429,28.9329791
İstanbul,Eyüpsultan,İstanbul Eyüpsultan,"41.1666178,28.7908245",41.1666178,28.7908245
İstanbul,Esenyurt,İstanbul Esenyurt,"41.0498275,28.6405832",41.0498275,28.6405832
İstanbul,Esenler,İstanbul Esenler,"41.0763669,28.815825",41.0763669,28.815825
İstanbul,Çekmeköy,İstanbul Çekmeköy,"41.0729244,29.1871814",41.0729244,29.1871814
İstanbul,Çatalca,İstanbul Çatalca,"41.1458025,28.4409447",41.1458025,28.4409447
İstanbul,Büyükçekmece,İstanbul Büyükçekmece,"41.0432091,28.8847231",41.0432091,28.8847231
İstanbul,Beyoğlu,İstanbul Beyoğlu,"41.0430785,28.9467372",41.0430785,28.9467372
İstanbul,Zeytinburnu,İstanbul Zeytinburnu,"40.9906502,28.8858188",40.9906502,28.8858188
İstanbul,Üsküdar,İstanbul Üsküdar,"41.0353059,29.0064446",41.0353059,29.0064446
İstanbul,Ümraniye,İstanbul Ümraniye,"41.0333442,29.0910388",41.0333442,29.0910388
İstanbul,Sultangazi,İstanbul Sultangazi,"41.1206953,28.8322621",41.1206953,28.8322621
İstanbul,Sultanbeyli,İstanbul Sultanbeyli,"40.9683606,29.2576721",40.9683606,29.2576721
İstanbul,Şişli,İstanbul Şişli,"41.0625146,28.9682156",41.0625146,28.9682156
İstanbul,Silivri,İstanbul Silivri,"41.072087,28.0356589",41.072087,28.0356589
İstanbul,Sarıyer,İstanbul Sarıyer,"41.1658871,29.0436084",41.1658871,29.0436084
İstanbul,Kağıthane,İstanbul Kağıthane,"41.0829284,28.9581416",41.0829284,28.9581416
İzmir,Bayraklı,İzmir Bayraklı,"38.4784985,27.1161251",38.4784985,27.1161251
İzmir,Aliağa,İzmir Aliağa,"38.8044361,26.9406836",38.8044361,26.9406836
İzmir,Konak,İzmir Konak,"38.4219591,27.087876",38.4219591,27.087876
İzmir,Bayındır,İzmir Bayındır,"38.3884213,27.0354826",38.3884213,27.0354826
İzmir,Kınık,İzmir Kınık,"39.0891049,27.3490255",39.0891049,27.3490255
İzmir,Kemalpaşa,İzmir Kemalpaşa,"38.4288801,27.3963265",38.4288801,27.3963265
İzmir,Karşıyaka,İzmir Karşıyaka,"38.6432526,26.1808332",38.6432526,26.1808332
İzmir,Karaburun,İzmir Karaburun,"38.6431643,26.5008553",38.6431643,26.5008553
İzmir,Karabağlar,İzmir Karabağlar,"38.3470221,26.9575349",38.3470221,26.9575349
İzmir,Güzelbahçe,İzmir Güzelbahçe,"38.3357,26.8392845",38.3357,26.8392845
İzmir,Gaziemir,İzmir Gaziemir,"38.3145631,27.1078597",38.3145631,27.1078597
İzmir,Foça,İzmir Foça,"38.6806663,26.7389499",38.6806663,26.7389499
İzmir,Dikili,İzmir Dikili,"39.0820347,26.8783009",39.0820347,26.8783009
İzmir,Çiğli,İzmir Çiğli,"38.4922138,26.8924929",38.4922138,26.8924929
İzmir,Çeşme,İzmir Çeşme,"38.3207561,26.2555945",38.3207561,26.2555945
İzmir,Buca,İzmir Buca,"38.3398096,27.1692679",38.3398096,27.1692679
İzmir,Bornova,İzmir Bornova,"38.4709978,27.2073688",38.4709978,27.2073688
İzmir,Beydağ,İzmir Beydağ,"38.0911287,28.1576929",38.0911287,28.1576929
İzmir,Bergama,İzmir Bergama,"39.1138235,27.1538971",39.1138235,27.1538971
İzmir,Menderes,İzmir Menderes,"38.3115757,27.1017385",38.3115757,27.1017385
İzmir,Menemen,İzmir Menemen,"38.5934558,27.0567171",38.5934558,27.0567171
İzmir,Kiraz,İzmir Kiraz,"38.2220025,28.1439548",38.2220025,28.1439548
İzmir,Ödemiş,İzmir Ödemiş,"38.2326154,27.9580501",38.2326154,27.9580501
İzmir,Seferihisar,İzmir Seferihisar,"38.2024674,26.8220433",38.2024674,26.8220433
İzmir,Selçuk,İzmir Selçuk,"37.9486848,27.3679275",37.9486848,27.3679275
İzmir,Urla,İzmir Urla,"38.3266439,26.7541049",38.3266439,26.7541049
İzmir,Torbalı,İzmir Torbalı,"38.1670831,27.2819733",38.1670831,27.2819733
İzmir,Tire,İzmir Tire,"38.0895794,27.7241948",38.0895794,27.7241948
İzmir,Balçova,İzmir Balçova,"38.3884213,27.0354826",38.3884213,27.0354826
İzmir,Narlıdere,İzmir Narlıdere,"38.3763151,26.9375062",38.3763151,26.9375062
Şanlıurfa,Akçakale,Şanlıurfa Akçakale,"36.7145632,38.9358398",36.7145632,38.9358398
Şanlıurfa,Birecik,Şanlıurfa Birecik,"37.0259897,37.9629073",37.0259897,37.9629073
Şanlıurfa,Bozova,Şanlıurfa Bozova,"37.2881299,38.2235916",37.2881299,38.2235916
Şanlıurfa,Ceylanpınar,Şanlıurfa Ceylanpınar,"36.9316436,39.7213691",36.9316436,39.7213691
Şanlıurfa,Harran,Şanlıurfa Harran,"36.8670387,39.0188239",36.8670387,39.0188239
Şanlıurfa,Eyyübiye,Şanlıurfa Eyyübiye,"37.1671988,38.7845402",37.1671988,38.7845402
Şanlıurfa,Halfeti,Şanlıurfa Halfeti,"37.2457881,37.8680789",37.2457881,37.8680789
Şanlıurfa,Haliliye,Şanlıurfa Haliliye,"37.1671988,38.7845402",37.1671988,38.7845402
Şanlıurfa,Hilvan,Şanlıurfa Hilvan,"37.5831069,38.952822",37.5831069,38.952822
Şanlıurfa,Karaköprü,Şanlıurfa Karaköprü,"37.2754506,38.5475421",37.2754506,38.5475421
Şanlıurfa,Siverek,Şanlıurfa Siverek,"37.7537141,39.3060026",37.7537141,39.3060026
Şanlıurfa,Suruç,Şanlıurfa Suruç,"36.9842087,38.4166813",36.9842087,38.4166813
Şanlıurfa,Viranşehir,Şanlıurfa Viranşehir,"37.2360684,39.7451781",37.2360684,39.7451781
Şırnak,Güçlükonak,Şırnak Güçlükonak,"37.470531,41.9087064",37.470531,41.9087064
Şırnak,İdil,Şırnak İdil,"37.2772735,41.6576722",37.2772735,41.6576722
Şırnak,Merkez,Şırnak Merkez,"37.5450357,42.2105512",37.5450357,42.2105512
Şırnak,Silopi,Şırnak Silopi,"37.2477646,42.3273786",37.2477646,42.3273786
Şırnak,Uludere,Şırnak Uludere,"37.4454401,42.8404884",37.4454401,42.8404884
Şırnak,Beytüşşebap,Şırnak Beytüşşebap,"37.5700389,43.1628054",37.5700389,43.1628054
Şırnak,Cizre,Şırnak Cizre,"37.3316016,42.1754744",37.3316016,42.1754744
